config,sweep,dataset,n_features,n_trees,threads,path,batch,n_calls,median_us_per_row,iqr_us_per_row,min_us_per_row,max_us_per_row,call_p50_us,call_p95_us,call_p99_us
online_shoppers_f17_t100_th1,trees,online_shoppers,17,100,1,xgb_inplace,128,244,4.622157370645492,0.25264341060450857,4.569989465932378,5.304510598104508,584.3945,777.2105999999999,1002.3648000000004
online_shoppers_f17_t100_th1,trees,online_shoppers,17,100,1,xgb_sklearn,16384,5,2.015721960449219,0.024977807617187597,2.0001815673828127,2.293467578125,32928.403,36370.6748,48272.56828
online_shoppers_f17_t100_th1,trees,online_shoppers,17,100,1,lgb_booster,512,49,5.979937420280612,0.6804392139668378,5.819378427933673,8.400515625,3017.762,4036.807899999998,5635.0095200000005
online_shoppers_f17_t100_th1,trees,online_shoppers,17,100,1,xgb_inplace,32,276,13.95672509057971,4.915012907608697,12.05271139039855,19.209093183876814,443.273,618.9902500000001,1078.1349500000001
online_shoppers_f17_t100_th1,trees,online_shoppers,17,100,1,xgb_inplace,16,401,30.12908712593516,5.768583930798002,23.653813123441395,54.94959788029925,463.3,561.098,1111.6992999999984
online_shoppers_f17_t100_th1,trees,online_shoppers,17,100,1,cat_sklearn,2,337,263.50628338278926,26.633189169139428,223.26729376854598,338.8686661721068,437.27,1164.684599999999,1647.92916
online_shoppers_f17_t100_th1,trees,online_shoppers,17,100,1,xgb_sklearn,512,58,5.024472790948276,1.0000119039601296,2.9808064722521554,5.650614459859914,2524.261,3369.680199999997,4607.6145
online_shoppers_f17_t100_th1,trees,online_shoppers,17,100,1,cat_sklearn,512,156,1.3316749549278846,0.048479542267628295,1.299619416065705,1.4854087164463141,682.7760000000001,747.70925,974.5507499999966
online_shoppers_f17_t100_th1,trees,online_shoppers,17,100,1,xgb_onnx,4096,8,4.179005615234375,0.04662037658691354,4.140510955810547,4.502612091064453,17038.915999999997,18127.11605,21735.67021999999
online_shoppers_f17_t100_th1,trees,online_shoppers,17,100,1,cat_onnx,64,433,5.1857439737297915,0.16770182592378724,5.030240076501155,5.599816325057736,323.673,411.3558999999992,518.25842
online_shoppers_f17_t100_th1,trees,online_shoppers,17,100,1,xgb_sklearn,8,313,61.127216453674116,4.114632587859425,57.40945447284345,65.12623961661342,465.623,589.4193999999997,772.6086799999996
online_shoppers_f17_t100_th1,trees,online_shoppers,17,100,1,lgb_booster,256,97,5.992214481314433,0.10243486227448528,5.9045700708762885,6.4089345602448455,1524.192,1685.3058,2074.7016199999994
online_shoppers_f17_t100_th1,trees,online_shoppers,17,100,1,lgb_sklearn,2,213,344.3091384976526,19.671813380281776,331.79228873239435,372.1321877934272,675.392,847.5467000000002,1033.95126
online_shoppers_f17_t100_th1,trees,online_shoppers,17,100,1,xgb_sklearn,1024,57,4.513225825794956,0.22081982421875068,4.10713258977522,4.957922114857456,4598.022,5594.786099999999,6823.7555600000005
online_shoppers_f17_t100_th1,trees,online_shoppers,17,100,1,lgb_onnx,32,552,7.984255774456522,0.1297312047101462,7.564179291213768,8.377569067028986,248.72449999999998,283.74354999999997,347.87465
online_shoppers_f17_t100_th1,trees,online_shoppers,17,100,1,xgb_dmatrix,256,89,4.004412658005618,0.4392920031601122,3.9271195136938206,6.36479994733146,1014.404,1637.1151999999997,1817.8865000000003
online_shoppers_f17_t100_th1,trees,online_shoppers,17,100,1,cat_sklearn,4096,74,0.5388465279244088,0.03897780299831077,0.5073879262563344,0.6191233009132179,2001.33,2737.5558499999993,3733.4437200000007
online_shoppers_f17_t100_th1,trees,online_shoppers,17,100,1,lgb_booster,1024,25,5.86799328125,0.136235390625,5.75504328125,6.143901015625,5916.914,6465.225800000001,7825.636119999999
online_shoppers_f17_t100_th1,trees,online_shoppers,17,100,1,cat_onnx,4,3000,9.810659,1.2444415000000006,8.535176416666667,10.271084333333334,36.83,49.47554999999999,61.48712999999998
online_shoppers_f17_t100_th1,trees,online_shoppers,17,100,1,lgb_booster,16,862,8.856757468097449,0.4734816922853824,8.595431699535963,10.213384135730859,136.864,184.63364999999982,246.33556000000013
online_shoppers_f17_t100_th1,trees,online_shoppers,17,100,1,lgb_booster,1,3000,57.12151,24.699765166666666,48.32121033333333,79.709358,52.870000000000005,91.80245,122.0552799999998
online_shoppers_f17_t100_th1,trees,online_shoppers,17,100,1,xgb_inplace,8,290,57.90861120689655,1.6009068965517201,56.134784482758626,70.68378965517242,446.733,519.3725,1411.393630000001
online_shoppers_f17_t100_th1,trees,online_shoppers,17,100,1,xgb_sklearn,4,218,157.73517889908257,12.842936353211002,149.29949311926606,200.2235263761468,604.3335,729.0732,1733.8727000000017
online_shoppers_f17_t100_th1,trees,online_shoppers,17,100,1,cat_sklearn,1,388,330.42258247422683,33.80103479381444,308.3662551546392,411.11196391752577,322.5955,414.81864999999993,520.5737799999996
online_shoppers_f17_t100_th1,trees,online_shoppers,17,100,1,cat_sklearn,8,343,54.932238702623906,4.294335276967928,53.31678279883382,63.32034693877551,436.878,508.1093999999998,1033.477639999997
online_shoppers_f17_t100_th1,trees,online_shoppers,17,100,1,cat_onnx,256,121,4.860291903409091,0.050619318181817974,4.800102530991736,5.157165999483471,1222.108,1397.058,1860.7191000000007
online_shoppers_f17_t100_th1,trees,online_shoppers,17,100,1,cat_onnx,16384,5,4.784912731933594,0.10528350830078104,4.719383447265625,4.894584265136718,77591.262,86583.9601,88746.06262
online_shoppers_f17_t100_th1,trees,online_shoppers,17,100,1,cat_onnx,1,3000,23.587441,7.217965500000002,15.762314,31.580128000000002,22.369,32.64825,48.627039999999994
online_shoppers_f17_t100_th1,trees,online_shoppers,17,100,1,xgb_onnx,64,337,7.078976956602374,0.17239822885756695,6.960459198813056,7.508964391691395,446.14,489.44829999999996,643.6416200000006
online_shoppers_f17_t100_th1,trees,online_shoppers,17,100,1,cat_sklearn,32,313,18.77850928514377,2.170291283945687,16.330384784345046,20.89060193690096,460.47,1316.870699999996,1728.615839999999
online_shoppers_f17_t100_th1,trees,online_shoppers,17,100,1,lgb_booster,32,458,7.716068845524018,3.3616864424126636,7.257528452510917,11.757591361899564,241.9975,377.58799999999997,453.15233000000023
online_shoppers_f17_t100_th1,trees,online_shoppers,17,100,1,lgb_onnx,128,243,4.663871752829218,0.09644262795781966,4.558910976080247,4.961521958590535,584.977,726.439,874.2602800000003
online_shoppers_f17_t100_th1,trees,online_shoppers,17,100,1,lgb_onnx,16,1674,5.969626418757467,0.21414588933691725,5.822333109318996,6.574436753285544,93.816,112.02674999999999,145.35434999999998
online_shoppers_f17_t100_th1,trees,online_shoppers,17,100,1,xgb_onnx,32,927,4.9257020631067965,0.09586728020496249,4.862959850323625,5.563782227615966,155.301,194.15819999999997,253.67235999999974
online_shoppers_f17_t100_th1,trees,online_shoppers,17,100,1,xgb_dmatrix,32,247,16.027301113360323,0.9346946482793541,14.8891195597166,17.489314524291498,491.342,624.5325999999998,784.8490800000004
online_shoppers_f17_t100_th1,trees,online_shoppers,17,100,1,lgb_onnx,256,126,4.554490668402777,0.07391083829365108,4.504207248263889,4.987931330605159,1156.3825,1354.6754999999998,1693.7522500000005
online_shoppers_f17_t100_th1,trees,online_shoppers,17,100,1,xgb_dmatrix,4,367,133.84518732970028,27.00965224795641,102.96726021798365,156.72905040871933,509.922,648.6236,1257.4591999999986
online_shoppers_f17_t100_th1,trees,online_shoppers,17,100,1,xgb_sklearn,128,142,8.535911641725352,0.24979098811619593,8.25668447403169,8.766768705985916,1055.393,1189.7398499999993,2166.2342499999977
online_shoppers_f17_t100_th1,trees,online_shoppers,17,100,1,lgb_sklearn,128,75,15.898801666666666,0.7325130208333306,15.028694270833334,16.70577875,1967.917,2398.7378,3940.75888
online_shoppers_f17_t100_th1,trees,online_shoppers,17,100,1,xgb_dmatrix,512,95,3.121940912828947,0.03592456825657919,3.086284210526316,3.4832910361842107,1578.253,1843.6185999999998,2633.28388
online_shoppers_f17_t100_th1,trees,online_shoppers,17,100,1,xgb_inplace,64,326,7.167769986579755,0.3325542800996937,7.0364335218558285,7.7424663055981595,444.52700000000004,570.48125,751.3243000000012
online_shoppers_f17_t100_th1,trees,online_shoppers,17,100,1,xgb_onnx,1024,31,4.20164827998992,0.0711907604586699,4.144570154989919,4.533032919606855,4261.973,4692.525,6352.4803999999995
online_shoppers_f17_t100_th1,trees,online_shoppers,17,100,1,lgb_booster,16384,5,7.192321594238281,1.5627571166992187,5.708094714355469,7.577572412109375,115906.755,126138.73909999999,128227.90278
online_shoppers_f17_t100_th1,trees,online_shoppers,17,100,1,xgb_onnx,4,3000,12.093383166666667,7.004479333333332,8.285784750000001,44.655696416666665,44.5565,57.10135,94.53236999999979
online_shoppers_f17_t100_th1,trees,online_shoppers,17,100,1,xgb_onnx,1,3000,15.156998333333332,2.8011795000000035,15.050238333333333,58.201526333333334,14.955,22.988049999999998,33.571499999999915
online_shoppers_f17_t100_th1,trees,online_shoppers,17,100,1,xgb_inplace,1024,14,2.352394461495536,0.050267717633928566,2.321310477120536,12.286779227120537,2401.2200000000003,14938.968399999996,16817.01845
online_shoppers_f17_t100_th1,trees,online_shoppers,17,100,1,xgb_dmatrix,128,217,5.608941208237328,0.20888358654953887,5.505836009504608,6.125864703341014,696.984,936.5360999999962,1137.0358999999999
online_shoppers_f17_t100_th1,trees,online_shoppers,17,100,1,cat_sklearn,64,300,7.358482447916666,0.36262440104166593,6.969613229166666,8.171468229166667,468.3995,527.13895,715.6430799999995
online_shoppers_f17_t100_th1,trees,online_shoppers,17,100,1,cat_sklearn,16384,23,0.41905561629585597,0.007299032460088339,0.4143743976095448,0.48168571405825406,6875.423,8030.163199999995,13607.285759999997
online_shoppers_f17_t100_th1,trees,online_shoppers,17,100,1,xgb_onnx,16,1702,5.57351079612221,0.2202301153055224,5.4585834679788485,6.1481080346651,87.012,111.31655000000002,142.91506
online_shoppers_f17_t100_th1,trees,online_shoppers,17,100,1,lgb_onnx,1,3000,25.918007000000003,1.8441345000000027,17.536460333333334,32.718460666666665,24.623,32.9623,50.77314999999998
online_shoppers_f17_t100_th1,trees,online_shoppers,17,100,1,lgb_booster,4096,5,7.403681640625,0.3450629394531246,6.9957880859375,7.947094677734375,30179.2,32830.762,37248.99450000001
online_shoppers_f17_t100_th1,trees,online_shoppers,17,100,1,cat_sklearn,128,158,4.78549668710443,0.5190366890822791,4.357456635680379,5.6868212519778485,529.8399999999999,1398.9404499999985,1932.12008
online_shoppers_f17_t100_th1,trees,online_shoppers,17,100,1,lgb_onnx,1024,21,6.414283668154761,2.1615219261532737,4.46748302641369,7.436975725446429,6567.856,7855.0785,8863.734299999998
online_shoppers_f17_t100_th1,trees,online_shoppers,17,100,1,lgb_sklearn,16,185,49.46662331081081,1.0123930743243221,47.52756081081081,53.97519932432433,779.75,907.3983999999999,1140.44796
online_shoppers_f17_t100_th1,trees,online_shoppers,17,100,1,xgb_inplace,4,467,83.82871199143469,4.730942987152034,80.20649518201284,88.4594726980728,317.156,443.23699999999997,537.2631200000002
online_shoppers_f17_t100_th1,trees,online_shoppers,17,100,1,lgb_booster,64,347,6.748779583933718,0.29127920118876105,6.547427053314121,7.116109284942363,420.116,537.7757999999997,630.7060800000002
online_shoppers_f17_t100_th1,trees,online_shoppers,17,100,1,lgb_onnx,64,483,4.876923395445135,0.08256295289855053,4.799856269409938,5.310261581262941,308.125,358.05519999999996,464.7886
online_shoppers_f17_t100_th1,trees,online_shoppers,17,100,1,xgb_sklearn,16,326,31.847072085889568,2.3900778374233127,29.58503776840491,33.62484700920245,484.7815,632.1875,762.9860500000003
online_shoppers_f17_t100_th1,trees,online_shoppers,17,100,1,xgb_dmatrix,16,278,28.81156722122302,10.72462286420864,27.466614208633096,43.75174123201438,458.6835,691.8269000000001,1239.911719999999
online_shoppers_f17_t100_th1,trees,online_shoppers,17,100,1,xgb_onnx,512,43,6.838844204215117,0.5376772801598833,6.378811500726744,7.398313408430233,3379.285,4926.735399999997,5586.049679999996
online_shoppers_f17_t100_th1,trees,online_shoppers,17,100,1,lgb_sklearn,4,141,175.85609929078015,21.926953900709208,169.8222145390071,279.96282446808516,692.325,1070.942,1425.255
online_shoppers_f17_t100_th1,trees,online_shoppers,17,100,1,xgb_onnx,256,136,4.236804658777573,0.14714329618566158,4.191624482996324,4.51314901194853,1074.124,1215.6960000000001,1646.1515499999998
online_shoppers_f17_t100_th1,trees,online_shoppers,17,100,1,lgb_booster,2,3000,28.463654166666668,2.418450083333333,26.718080999999998,34.86018766666667,52.054500000000004,83.5953,115.11087999999985
online_shoppers_f17_t100_th1,trees,online_shoppers,17,100,1,lgb_sklearn,256,67,8.53451370102612,0.16444228078358059,8.443514109141791,9.124345848880598,2175.862,2377.8033999999993,2910.95436
online_shoppers_f17_t100_th1,trees,online_shoppers,17,100,1,xgb_onnx,2,3000,11.215676833333333,0.4229864999999986,10.834427833333333,13.212386,21.491,31.080449999999992,37.101029999999994
online_shoppers_f17_t100_th1,trees,online_shoppers,17,100,1,xgb_dmatrix,64,257,8.812201787451363,0.26553526264591554,8.666155885214009,9.376248236867704,545.007,708.0877999999996,875.6101399999998
online_shoppers_f17_t100_th1,trees,online_shoppers,17,100,1,xgb_inplace,1,612,271.56063725490196,81.54209150326795,245.79496405228758,398.4553594771242,256.56899999999996,406.6298,985.7718899999998
online_shoppers_f17_t100_th1,trees,online_shoppers,17,100,1,xgb_onnx,8,2190,9.495432420091323,0.2914796232876711,9.254920547945204,10.397259988584477,74.095,86.2105,100.30439000000004
online_shoppers_f17_t100_th1,trees,online_shoppers,17,100,1,cat_onnx,16,1069,9.402111552853134,0.45859693638914756,9.125666686155286,10.073865937792329,145.986,171.5966,205.54584000000003
online_shoppers_f17_t100_th1,trees,online_shoppers,17,100,1,lgb_sklearn,32,112,27.344487723214286,3.403048549107144,26.9745859375,41.26249665178572,870.403,1301.1893,1612.4208800000004
online_shoppers_f17_t100_th1,trees,online_shoppers,17,100,1,xgb_sklearn,2,324,229.43246604938273,20.425036265432084,223.10822685185187,249.78852160493827,448.2915,606.4071,802.6701999999931
online_shoppers_f17_t100_th1,trees,online_shoppers,17,100,1,xgb_sklearn,32,293,16.491732935153586,0.6646127346416364,15.956062819965869,18.650577431740615,519.124,632.0465999999997,822.2777399999984
online_shoppers_f17_t100_th1,trees,online_shoppers,17,100,1,cat_onnx,1024,30,4.82256953125,0.12134679361979206,4.7546050781249996,5.261095084635416,4904.9005,5507.702550000001,7088.0643199999995
online_shoppers_f17_t100_th1,trees,online_shoppers,17,100,1,cat_onnx,4096,7,4.809209123883928,0.09393558175223315,4.74734294782366,5.32926579938616,19576.987,21727.84540000001,27471.550079999986
online_shoppers_f17_t100_th1,trees,online_shoppers,17,100,1,cat_sklearn,256,292,2.1693174764554795,0.07921906437285964,2.136316433005137,2.410853261451199,558.2745,618.27975,855.6784599999983
online_shoppers_f17_t100_th1,trees,online_shoppers,17,100,1,cat_sklearn,1024,138,1.251710597826087,0.09958852043704702,0.9863823525249094,1.6681247664741847,1148.7849999999999,2303.210549999999,3008.52017
online_shoppers_f17_t100_th1,trees,online_shoppers,17,100,1,lgb_booster,4,1703,25.504278479154433,1.1887933793305905,24.362866852613035,27.298464034057545,94.314,123.85199999999995,166.36504000000002
online_shoppers_f17_t100_th1,trees,online_shoppers,17,100,1,lgb_sklearn,1024,16,8.688127136230468,1.4044205322265633,6.5790283203125,9.736994689941406,8820.849,10775.4835,11400.671
online_shoppers_f17_t100_th1,trees,online_shoppers,17,100,1,cat_sklearn,16,335,26.736402985074626,1.7927642723880624,26.353343097014925,29.689148880597013,431.067,490.78659999999996,641.762159999999
online_shoppers_f17_t100_th1,trees,online_shoppers,17,100,1,lgb_onnx,4096,8,4.491003601074219,0.08091537475586019,4.4677942199707035,4.80609375,18321.620000000003,19792.265749999995,25536.366169999998
online_shoppers_f17_t100_th1,trees,online_shoppers,17,100,1,lgb_onnx,4,3000,10.260803583333333,0.3823816666666673,9.12586875,11.6270115,39.623,52.3225,66.29683999999988
online_shoppers_f17_t100_th1,trees,online_shoppers,17,100,1,lgb_sklearn,1,198,678.1454393939395,22.753411616161657,664.2578484848485,735.6397070707071,661.0645,858.6164,1004.91474
online_shoppers_f17_t100_th1,trees,online_shoppers,17,100,1,xgb_dmatrix,16384,5,2.6424592529296875,2.0211584106445315,2.212920617675781,4.537258618164063,41320.399,77116.44709999998,88932.10692000002
online_shoppers_f17_t100_th1,trees,online_shoppers,17,100,1,xgb_sklearn,4096,8,4.042836700439453,0.12740386962890682,3.812118896484375,4.0922337341308594,16618.942000000003,17466.977899999998,18381.20974
online_shoppers_f17_t100_th1,trees,online_shoppers,17,100,1,xgb_sklearn,64,170,13.894576286764707,3.02859489889706,9.041992922794117,14.90782950367647,836.1895,977.1376,2020.2780899999993
online_shoppers_f17_t100_th1,trees,online_shoppers,17,100,1,lgb_onnx,16384,5,4.50085712890625,0.08652053833007756,4.44540458984375,4.600750891113281,72933.307,83110.4384,84474.7046
online_shoppers_f17_t100_th1,trees,online_shoppers,17,100,1,cat_onnx,32,803,5.533606164383562,0.15856059308841886,5.448579973536737,5.797675825031133,173.401,208.4754,277.93752000000006
online_shoppers_f17_t100_th1,trees,online_shoppers,17,100,1,xgb_inplace,4096,17,2.1428657657398897,0.0681795726102945,2.092313893037684,2.374548095703125,8657.629,9890.0858,15346.910259999993
online_shoppers_f17_t100_th1,trees,online_shoppers,17,100,1,cat_onnx,512,57,4.81537537691886,0.29774664199561407,4.735882332785088,7.4998084224232455,2439.526,3847.359,4095.9479600000004
online_shoppers_f17_t100_th1,trees,online_shoppers,17,100,1,lgb_onnx,512,48,6.6758759765625,0.2130802408854171,6.559101399739583,7.197752685546875,3413.275,3712.9263499999984,4583.420590000001
online_shoppers_f17_t100_th1,trees,online_shoppers,17,100,1,cat_sklearn,4,271,153.09841512915128,13.753159594095933,124.04072785977858,188.56269188191882,457.32,1589.772,2050.980599999998
online_shoppers_f17_t100_th1,trees,online_shoppers,17,100,1,cat_onnx,128,153,7.251962469362745,2.8015138122957515,4.842867238562091,8.345964971405229,911.292,1034.6,1800.6602800000073
online_shoppers_f17_t100_th1,trees,online_shoppers,17,100,1,lgb_sklearn,4096,5,5.992475048828125,0.06214633789062418,5.950874072265625,6.415383447265626,24458.018,25697.809,28954.144660000005
online_shoppers_f17_t100_th1,trees,online_shoppers,17,100,1,xgb_inplace,256,174,3.421790903376437,0.07869347162356322,3.384789309446839,3.7388226472701147,856.5745,1043.0593,1444.014339999999
online_shoppers_f17_t100_th1,trees,online_shoppers,17,100,1,lgb_booster,128,181,6.213709081491713,0.07660963397790077,6.1282964865331495,6.590678478936463,787.612,877.7919999999999,1090.5655999999997
online_shoppers_f17_t100_th1,trees,online_shoppers,17,100,1,lgb_onnx,8,2981,6.971714022140222,0.16056598037571135,6.915733730291849,7.4862943643072795,54.651,71.98949999999999,89.04729999999994
online_shoppers_f17_t100_th1,trees,online_shoppers,17,100,1,lgb_sklearn,8,195,90.62225641025641,4.121693589743586,88.42905320512821,99.29383717948718,716.225,880.1964,1073.20276
online_shoppers_f17_t100_th1,trees,online_shoppers,17,100,1,xgb_dmatrix,4096,15,3.9935319661458335,1.8730531005859374,2.33325751953125,4.415193245442709,16784.918,18478.6406,20680.320719999996
online_shoppers_f17_t100_th1,trees,online_shoppers,17,100,1,xgb_onnx,16384,5,4.299110925292969,2.233940692138672,4.1553537475585935,6.6395952514648435,68669.497,108869.69499999999,110282.4603
online_shoppers_f17_t100_th1,trees,online_shoppers,17,100,1,xgb_dmatrix,1,437,335.0763935926774,9.503274599542294,323.7399336384439,359.95083752860415,318.082,404.431,676.608419999984
online_shoppers_f17_t100_th1,trees,online_shoppers,17,100,1,lgb_sklearn,64,129,16.959993459302325,0.24630505087209187,16.580890019379844,18.048600532945738,1063.061,1186.2346999999997,1520.2418799999998
online_shoppers_f17_t100_th1,trees,online_shoppers,17,100,1,xgb_sklearn,256,149,3.9013541841442954,0.158319172084731,3.859458079907718,4.529925152055369,994.005,1220.0479999999995,1611.7815199999993
online_shoppers_f17_t100_th1,trees,online_shoppers,17,100,1,lgb_onnx,2,3000,12.233888166666668,0.3992019166666658,12.103919833333334,13.111324666666667,23.911,31.907049999999998,38.69921999999996
online_shoppers_f17_t100_th1,trees,online_shoppers,17,100,1,xgb_onnx,128,180,6.706098914930555,0.23791579861111067,5.027721875,7.349149826388889,844.412,910.5629,1805.0019200000008
online_shoppers_f17_t100_th1,trees,online_shoppers,17,100,1,lgb_sklearn,16384,5,6.208383947753906,1.178747479248047,5.777394482421875,7.673840612792969,102351.741,125223.0057,137573.29894
online_shoppers_f17_t100_th1,trees,online_shoppers,17,100,1,xgb_inplace,512,87,3.326553318067529,0.1244573343211206,3.2513514951508617,4.007535941989942,1668.758,2317.0411999999988,2856.0414799999985
online_shoppers_f17_t100_th1,trees,online_shoppers,17,100,1,xgb_dmatrix,2,317,253.72599053627758,19.052251577287052,242.46033596214514,294.58517034700316,485.703,698.9754999999999,1364.466259999999
online_shoppers_f17_t100_th1,trees,online_shoppers,17,100,1,xgb_inplace,16384,5,3.6261288696289062,1.5489883117675785,2.007849865722656,3.748898840332031,59730.208,62575.0122,68132.83142
online_shoppers_f17_t100_th1,trees,online_shoppers,17,100,1,cat_onnx,2,3000,17.49983333333333,2.915368833333332,16.325108833333335,21.113412166666667,36.452,46.9892,60.83405
online_shoppers_f17_t100_th1,trees,online_shoppers,17,100,1,lgb_booster,8,919,16.454556311207835,1.07719226060936,15.815840723612622,20.500746463547333,125.853,161.15000000000003,211.66956
online_shoppers_f17_t100_th1,trees,online_shoppers,17,100,1,xgb_dmatrix,8,261,77.40569300766283,5.95671360153257,53.214218869731795,84.75168103448276,588.549,703.5264999999999,1729.7369000000008
online_shoppers_f17_t100_th1,trees,online_shoppers,17,100,1,cat_onnx,8,3000,7.092518291666666,0.459874520833333,6.889449583333333,8.276283666666666,55.3335,80.19935,99.38811999999999
online_shoppers_f17_t100_th1,trees,online_shoppers,17,100,1,xgb_dmatrix,1024,55,2.7112975142045457,0.1601361860795456,2.6374118963068183,2.9844104225852273,2730.085,3697.9233999999983,4774.822680000001
online_shoppers_f17_t100_th1,trees,online_shoppers,17,100,1,xgb_sklearn,1,403,386.49890570719606,11.241756823821333,378.1769404466501,415.85807692307696,370.521,457.92399999999975,622.3517600000004
online_shoppers_f17_t100_th1,trees,online_shoppers,17,100,1,xgb_inplace,2,271,165.78166420664206,11.135010147601463,161.87419557195574,192.2843357933579,323.909,417.819,569.9189999999999
online_shoppers_f17_t100_th1,trees,online_shoppers,17,100,1,lgb_sklearn,512,28,7.256575753348215,0.20085491071428585,7.172377162388393,7.609037179129465,3679.483,4090.138849999998,4954.3471
online_shoppers_f17_t500_th1,trees,online_shoppers,17,500,1,xgb_inplace,128,78,14.805384314903845,0.5947787459935903,14.456981069711539,17.102887119391028,1859.2575,2896.43425,3139.6579499999993
online_shoppers_f17_t500_th1,trees,online_shoppers,17,500,1,xgb_sklearn,16384,5,10.663144604492187,4.971006243896484,10.239272802734375,19.143771264648436,172140.747,317377.7736,323179.39772
online_shoppers_f17_t500_th1,trees,online_shoppers,17,500,1,lgb_booster,512,8,30.670109130859377,0.8128217773437534,30.306461669921877,34.091935546875,15606.5665,18436.231299999992,21358.57437999999
online_shoppers_f17_t500_th1,trees,online_shoppers,17,500,1,xgb_inplace,32,156,28.660448918269232,0.9310331530448721,28.24486318108974,32.07696474358974,900.303,1064.1812499999999,1460.4513499999964
online_shoppers_f17_t500_th1,trees,online_shoppers,17,500,1,xgb_inplace,16,194,48.190194587628866,1.4483352126288622,47.25011855670103,53.348343427835054,750.8265,1023.7648999999999,1149.4602000000011
online_shoppers_f17_t500_th1,trees,online_shoppers,17,500,1,cat_sklearn,2,318,226.86223742138364,7.698518867924548,213.62369025157233,250.2878616352201,451.153,505.28715,709.9822699999971
online_shoppers_f17_t500_th1,trees,online_shoppers,17,500,1,xgb_sklearn,512,23,21.259369904891305,1.134267875339674,16.689065047554347,22.791768427309783,10736.6,12894.270999999997,15157.715719999993
online_shoppers_f17_t500_th1,trees,online_shoppers,17,500,1,cat_sklearn,512,80,3.02668037109375,7.525568212890624,2.411640454101563,20.503215478515624,1262.6680000000001,15120.717299999998,24908.18190000003
online_shoppers_f17_t500_th1,trees,online_shoppers,17,500,1,xgb_onnx,4096,5,27.637029882812502,21.827728710937492,21.302844140624998,45.4449095703125,100220.085,202843.35549999998,227380.32886
online_shoppers_f17_t500_th1,trees,online_shoppers,17,500,1,cat_onnx,64,90,37.53119201388889,1.3316249131944389,24.630788541666664,39.58385833333333,2363.0405,2616.39295,3468.6771
online_shoppers_f17_t500_th1,trees,online_shoppers,17,500,1,xgb_sklearn,8,134,142.51421548507463,8.949748600746261,137.7074095149254,170.1975848880597,1107.1235,1403.9638499999996,2380.72766
online_shoppers_f17_t500_th1,trees,online_shoppers,17,500,1,lgb_booster,256,13,39.47086448317308,11.706183293269227,30.90002794471154,46.49742127403846,9767.966,12598.689600000002,13526.350220000002
online_shoppers_f17_t500_th1,trees,online_shoppers,17,500,1,lgb_sklearn,2,181,392.57190883977904,21.603453038674047,389.1562900552486,443.2623011049724,778.049,1100.5115,1175.9586
online_shoppers_f17_t500_th1,trees,online_shoppers,17,500,1,xgb_sklearn,1024,12,11.498718587239583,0.4068733317057305,11.17141984049479,12.724392985026041,11501.1065,13242.92275,20466.8007
online_shoppers_f17_t500_th1,trees,online_shoppers,17,500,1,lgb_onnx,32,191,24.008540739528794,0.42385045811518296,23.548742146596858,25.49247693062827,757.36,870.233,1100.972
online_shoppers_f17_t500_th1,trees,online_shoppers,17,500,1,xgb_dmatrix,256,43,13.690505541424418,0.5550982467296528,13.31757757994186,15.280654160610466,3463.127,4429.917399999999,5840.540719999998
online_shoppers_f17_t500_th1,trees,online_shoppers,17,500,1,cat_sklearn,4096,38,1.044180085834704,0.06151383249383224,1.0032959048622534,1.1994040591591284,4440.4345,5578.0226,8497.856619999997
online_shoppers_f17_t500_th1,trees,online_shoppers,17,500,1,lgb_booster,1024,5,37.6196294921875,4.047213183593755,30.520276171875,44.6386125,38115.592,47261.852,55144.0146
online_shoppers_f17_t500_th1,trees,online_shoppers,17,500,1,cat_onnx,4,682,58.55326942815249,5.195253482404695,55.879953812316714,65.64524743401759,226.2355,278.82955,379.1224199999998
online_shoppers_f17_t500_th1,trees,online_shoppers,17,500,1,lgb_booster,16,170,50.07217647058824,10.023967647058825,35.92098125,60.11948639705883,779.6655000000001,1040.3216,2101.4109499999986
online_shoppers_f17_t500_th1,trees,online_shoppers,17,500,1,lgb_booster,1,1651,100.43716596002423,6.995780436099338,96.08827619624469,107.29417019987886,93.502,144.976,185.82260000000014
online_shoppers_f17_t500_th1,trees,online_shoppers,17,500,1,xgb_inplace,8,215,88.87551569767442,3.6145691860465092,87.15460174418605,96.99164186046511,695.454,865.0267999999999,1169.7230400000071
online_shoppers_f17_t500_th1,trees,online_shoppers,17,500,1,xgb_sklearn,4,168,203.12153869047617,9.500119047619052,196.29550148809523,227.93961904761906,795.4515,1012.781949999999,1526.2896099999991
online_shoppers_f17_t500_th1,trees,online_shoppers,17,500,1,cat_sklearn,1,427,360.1832576112412,22.358618266978965,336.7010444964871,409.2849274004684,353.038,420.1635999999999,508.4112399999999
online_shoppers_f17_t500_th1,trees,online_shoppers,17,500,1,cat_sklearn,8,280,64.18438080357143,13.981248660714286,61.55538839285715,89.70234151785715,506.1815,885.1456999999988,1705.9263500000002
online_shoppers_f17_t500_th1,trees,online_shoppers,17,500,1,cat_onnx,256,16,36.49920336914062,1.0645689697265652,34.96836157226563,38.43441455078125,9235.6265,10059.32975,11297.44825
online_shoppers_f17_t500_th1,trees,online_shoppers,17,500,1,cat_onnx,16384,5,23.122641345214845,2.4903765563964804,23.053634545898436,36.067860778808594,381888.639,592178.5279999999,609938.24002
online_shoppers_f17_t500_th1,trees,online_shoppers,17,500,1,cat_onnx,1,2585,70.13533500967118,5.328200193423612,67.5139756286267,80.04059922630562,66.912,99.76899999999999,128.53755999999998
online_shoppers_f17_t500_th1,trees,online_shoppers,17,500,1,xgb_onnx,64,67,34.90748787313433,3.6243716184701498,33.64972271455224,41.09806483208955,2199.918,3272.2123999999994,4271.26452
online_shoppers_f17_t500_th1,trees,online_shoppers,17,500,1,cat_sklearn,32,139,16.3808401528777,0.9188409397482022,15.250719874100719,21.761906924460433,514.918,620.3799999999998,1676.3612400000013
online_shoppers_f17_t500_th1,trees,online_shoppers,17,500,1,lgb_booster,32,134,33.39903171641791,0.8414109141791073,32.77685890858209,37.456011893656715,1057.5230000000001,1249.1707999999987,1568.4021
online_shoppers_f17_t500_th1,trees,online_shoppers,17,500,1,lgb_onnx,128,55,21.125520738636364,0.6014908380681874,20.862352556818184,22.705471732954546,2683.644,3060.8686,3944.359320000002
online_shoppers_f17_t500_th1,trees,online_shoppers,17,500,1,lgb_onnx,16,337,26.17481862017804,0.6775881862017812,25.667256676557862,28.201737574183976,412.553,479.8762999999999,607.4921600000001
online_shoppers_f17_t500_th1,trees,online_shoppers,17,500,1,xgb_onnx,32,174,24.463959231321837,0.524031878591952,24.15442923850575,27.14924425287356,778.2094999999999,898.9623499999999,1145.27145
online_shoppers_f17_t500_th1,trees,online_shoppers,17,500,1,xgb_dmatrix,32,143,32.52915865384615,1.198922858391608,30.964518575174825,34.7187541520979,1016.44,1216.2314,1547.5747999999999
online_shoppers_f17_t500_th1,trees,online_shoppers,17,500,1,lgb_onnx,256,27,21.27908912037037,10.13649898726852,20.807078125,32.24416536458333,5471.1,8617.2532,9360.48572
online_shoppers_f17_t500_th1,trees,online_shoppers,17,500,1,xgb_dmatrix,4,151,262.05682450331125,14.959581953642385,246.2946605960265,734.1743642384106,990.951,1172.678,2384.430800000003
online_shoppers_f17_t500_th1,trees,online_shoppers,17,500,1,xgb_sklearn,128,45,25.94871440972222,1.233272743055558,15.0651984375,27.778195833333335,3237.805,4337.9536,5341.56358
online_shoppers_f17_t500_th1,trees,online_shoppers,17,500,1,lgb_sklearn,128,29,37.60935910560345,1.1788634159482712,36.37446632543104,41.231558189655175,4747.44,5757.752799999997,6907.644839999999
online_shoppers_f17_t500_th1,trees,online_shoppers,17,500,1,xgb_dmatrix,512,23,12.221500679347827,0.28423365319293303,11.944622282608696,13.885234969429348,6202.556,7162.277999999999,9682.90487999999
online_shoppers_f17_t500_th1,trees,online_shoppers,17,500,1,xgb_inplace,64,125,18.228145124999998,0.9149904374999949,18.132819375,20.344104125,1156.446,1389.7813999999998,1953.0635399999999
online_shoppers_f17_t500_th1,trees,online_shoppers,17,500,1,xgb_onnx,1024,6,21.622052408854167,0.46275260416666697,21.245363606770834,23.290160481770833,21829.818,23363.355,29956.25289999998
online_shoppers_f17_t500_th1,trees,online_shoppers,17,500,1,lgb_booster,16384,5,33.12457504882813,7.090080413818363,30.387557031249997,39.61303955078125,507156.358,699120.2026,782856.28792
online_shoppers_f17_t500_th1,trees,online_shoppers,17,500,1,xgb_onnx,4,995,33.45008341708543,0.6860238693467338,32.706023366834174,37.56239798994975,130.702,166.55979999999997,207.95212
online_shoppers_f17_t500_th1,trees,online_shoppers,17,500,1,xgb_onnx,1,3000,44.637298,5.062756999999998,42.106984,50.594896999999996,42.238,66.53944999999999,85.97281999999986
online_shoppers_f17_t500_th1,trees,online_shoppers,17,500,1,xgb_inplace,1024,13,11.12591053185096,0.10820489032452052,11.012158128004808,12.978919696514424,11292.625,12954.5454,19732.31172
online_shoppers_f17_t500_th1,trees,online_shoppers,17,500,1,xgb_dmatrix,128,58,15.697801185344828,0.3744748787715526,15.435368130387932,18.61641042564655,1994.3674999999998,2752.214349999999,3360.26076
online_shoppers_f17_t500_th1,trees,online_shoppers,17,500,1,cat_sklearn,64,281,8.133933663256228,0.3980853536476854,7.97522052935943,8.902788200622776,520.678,588.1514999999999,1009.4219999999998
online_shoppers_f17_t500_th1,trees,online_shoppers,17,500,1,cat_sklearn,16384,10,1.0359064025878906,0.681797885131836,0.8299020446777343,1.885166571044922,18387.653,34683.2546,36765.84561999999
online_shoppers_f17_t500_th1,trees,online_shoppers,17,500,1,xgb_onnx,16,235,39.50582659574468,1.1213029255319142,38.25528085106383,43.428909042553194,624.399,677.5161999999998,826.8302399999977
online_shoppers_f17_t500_th1,trees,online_shoppers,17,500,1,lgb_onnx,1,2688,71.47974553571429,9.071914992559499,49.92586979166666,78.34760379464285,66.2575,92.85624999999999,125.98776999999987
online_shoppers_f17_t500_th1,trees,online_shoppers,17,500,1,lgb_booster,4096,5,30.59512216796875,0.5353606445312487,29.96440751953125,30.837814501953126,122878.579,136179.34649999999,138446.87372
online_shoppers_f17_t500_th1,trees,online_shoppers,17,500,1,cat_sklearn,128,254,4.575129121555118,0.28060306963582704,4.420634750246063,5.5895441067913385,584.475,673.18925,1445.4164400000068
online_shoppers_f17_t500_th1,trees,online_shoppers,17,500,1,lgb_onnx,1024,5,31.90714453125,2.4208754882812578,30.596553906249998,36.21335390625,32322.649,39689.8685,44165.399620000004
online_shoppers_f17_t500_th1,trees,online_shoppers,17,500,1,lgb_sklearn,16,88,108.21365696022728,6.111325639204551,102.59685298295454,118.64059801136364,1662.8045000000002,2025.3370999999997,3126.295850000004
online_shoppers_f17_t500_th1,trees,online_shoppers,17,500,1,xgb_inplace,4,166,191.20276957831325,59.151037650602404,168.16719728915663,242.76739608433735,731.085,981.18575,1614.08
online_shoppers_f17_t500_th1,trees,online_shoppers,17,500,1,lgb_booster,64,69,32.01731476449275,1.1383348052536206,31.518303215579714,35.04558990036232,2026.934,2377.117,3099.0389399999985
online_shoppers_f17_t500_th1,trees,online_shoppers,17,500,1,lgb_onnx,64,102,22.156439338235295,0.3693951439950993,21.932860600490194,23.630393382352942,1411.5295,1504.39835,2010.1519299999998
online_shoppers_f17_t500_th1,trees,online_shoppers,17,500,1,xgb_sklearn,16,162,55.999981481481484,3.9448248456790225,55.16889583333334,62.49247453703703,884.9495,1209.8158,1329.9099500000004
online_shoppers_f17_t500_th1,trees,online_shoppers,17,500,1,xgb_dmatrix,16,180,54.15038472222223,1.1544940972222193,53.06539618055556,56.726271875,844.556,959.5211999999999,1266.1527200000012
online_shoppers_f17_t500_th1,trees,online_shoppers,17,500,1,xgb_onnx,512,12,21.50876822916667,0.2654447428385396,21.36523876953125,23.308481770833332,10987.681,11873.92755,14580.787209999993
online_shoppers_f17_t500_th1,trees,online_shoppers,17,500,1,lgb_sklearn,4,165,230.45086515151513,91.43905530303027,207.98328636363638,309.8207863636364,895.154,1267.0524999999998,1553.3300599999998
online_shoppers_f17_t500_th1,trees,online_shoppers,17,500,1,xgb_onnx,256,17,33.292297564338234,0.9273034237132407,32.36082467830882,36.346289292279415,8463.731,8934.841999999999,11126.774939999992
online_shoppers_f17_t500_th1,trees,online_shoppers,17,500,1,lgb_booster,2,663,70.17341478129714,7.5931926847662226,64.95876772247361,117.56257767722474,129.638,241.5038,315.38699999999983
online_shoppers_f17_t500_th1,trees,online_shoppers,17,500,1,lgb_sklearn,256,17,34.17384375,0.7080167738970644,33.48516475183824,37.15301286764706,8702.474,9601.7075,11811.80147999999
online_shoppers_f17_t500_th1,trees,online_shoppers,17,500,1,xgb_onnx,2,1928,38.32112966804979,2.4003084802904624,37.22228734439834,43.087921161825726,74.589,107.21449999999999,130.09243999999998
online_shoppers_f17_t500_th1,trees,online_shoppers,17,500,1,xgb_dmatrix,64,112,20.47217661830357,1.2501192103794594,19.74437234933036,22.12616085379464,1263.658,1814.0336500000012,2141.3391500000002
online_shoppers_f17_t500_th1,trees,online_shoppers,17,500,1,xgb_inplace,1,443,344.35586230248305,13.008071106094803,337.5333386004515,381.29445146726863,331.082,433.44279999999975,595.12136
online_shoppers_f17_t500_th1,trees,online_shoppers,17,500,1,xgb_onnx,8,677,29.529571270310193,0.6742434453471198,29.102798190546526,32.13881166912851,232.876,292.69269999999995,354.39079999999996
online_shoppers_f17_t500_th1,trees,online_shoppers,17,500,1,cat_onnx,16,310,43.249363911290324,1.6947780241935533,28.96393064516129,47.51403266129032,676.0395,759.62235,1130.8760599999996
online_shoppers_f17_t500_th1,trees,online_shoppers,17,500,1,lgb_sklearn,32,63,72.1627996031746,5.101802579365085,69.74643551587302,88.83952976190476,2256.065,2981.4249999999997,4263.19664
online_shoppers_f17_t500_th1,trees,online_shoppers,17,500,1,xgb_sklearn,2,157,529.6674522292993,142.96294585987255,389.9047165605096,617.485474522293,991.002,1198.4608999999998,2244.1544200000003
online_shoppers_f17_t500_th1,trees,online_shoppers,17,500,1,xgb_sklearn,32,148,32.42281482263514,0.6091809543918885,31.73720016891892,34.66649239864865,1013.932,1230.2950999999987,1603.6259700000007
online_shoppers_f17_t500_th1,trees,online_shoppers,17,500,1,cat_onnx,1024,6,23.18501595052083,0.27489306640624633,22.929762369791668,24.794203287760418,23599.228000000003,25195.357,31532.531649999983
online_shoppers_f17_t500_th1,trees,online_shoppers,17,500,1,cat_onnx,4096,5,23.53748779296875,0.6067027099609348,22.835856884765626,35.766623681640624,94107.466,144263.2992,150109.57112
online_shoppers_f17_t500_th1,trees,online_shoppers,17,500,1,cat_sklearn,256,188,3.363544776429521,0.36372256274933523,3.145756399601064,4.512437707779255,779.6725,1714.38445,2508.709729999999
online_shoppers_f17_t500_th1,trees,online_shoppers,17,500,1,cat_sklearn,1024,34,2.7044399701286768,0.7860337632123158,1.8191309168198528,3.205666216681985,2012.057,4990.5662,5016.90902
online_shoppers_f17_t500_th1,trees,online_shoppers,17,500,1,lgb_booster,4,529,79.14438137996218,12.968700141776935,48.807654064272214,85.89869754253307,286.316,376.05469999999997,630.6439799999991
online_shoppers_f17_t500_th1,trees,online_shoppers,17,500,1,lgb_sklearn,1024,5,31.3466173828125,0.7600362304687494,30.805758984375,34.92569453125,31725.982,35773.022899999996,40238.672280000006
online_shoppers_f17_t500_th1,trees,online_shoppers,17,500,1,cat_sklearn,16,313,28.83099041533546,0.9026059305111858,26.19795087859425,32.33302156549521,456.279,514.3895,764.1437599999983
online_shoppers_f17_t500_th1,trees,online_shoppers,17,500,1,lgb_onnx,4096,5,20.726770654296875,0.46380747070312367,20.6356904296875,21.28746318359375,84656.332,94733.28289999999,95402.64964
online_shoppers_f17_t500_th1,trees,online_shoppers,17,500,1,lgb_onnx,4,1236,47.56109486245955,3.9906291464401207,35.217040048543694,52.060610032362455,185.174,222.25425,272.3978999999997
online_shoppers_f17_t500_th1,trees,online_shoppers,17,500,1,lgb_sklearn,1,114,1068.5683333333332,32.059583333333194,1030.0408684210527,1125.4382368421052,1042.455,1147.6135499999998,1794.8079400000006
online_shoppers_f17_t500_th1,trees,online_shoppers,17,500,1,xgb_dmatrix,16384,5,10.714962365722657,0.15743195800781074,10.554206518554688,19.31157696533203,173797.096,316628.47839999996,330529.97062000004
online_shoppers_f17_t500_th1,trees,online_shoppers,17,500,1,xgb_sklearn,4096,5,10.9273603515625,2.3432809570312507,10.300248828125001,19.48772626953125,43740.638,79404.8226,83721.2699
online_shoppers_f17_t500_th1,trees,online_shoppers,17,500,1,xgb_sklearn,64,118,20.53593564618644,0.5226679687499995,19.97647550317797,21.82538188559322,1280.051,1584.9059999999974,2027.4842999999998
online_shoppers_f17_t500_th1,trees,online_shoppers,17,500,1,lgb_onnx,16384,5,21.035734265136718,6.812000158691408,20.87048311767578,31.55575216064453,347948.198,531481.2991999999,541484.40404
online_shoppers_f17_t500_th1,trees,online_shoppers,17,500,1,cat_onnx,32,115,27.122366847826086,1.2406918478260849,26.20349619565217,34.09060951086957,846.914,1239.4705999999999,1336.6228399999998
online_shoppers_f17_t500_th1,trees,online_shoppers,17,500,1,xgb_inplace,4096,5,10.568793554687499,0.278134082031249,10.321373779296875,11.410297119140624,42554.855,46951.87999999999,54759.24648
online_shoppers_f17_t500_th1,trees,online_shoppers,17,500,1,cat_onnx,512,12,23.37822135416667,0.40650952148437725,23.03413313802083,25.96915771484375,11894.066,13092.000699999997,17844.77109
online_shoppers_f17_t500_th1,trees,online_shoppers,17,500,1,lgb_onnx,512,13,20.80680063100962,0.405238206129809,20.67826246995192,22.480051983173077,10636.639,11407.427500000002,13794.556040000032
online_shoppers_f17_t500_th1,trees,online_shoppers,17,500,1,cat_sklearn,4,309,120.19734061488674,7.649152912621361,115.39522087378641,146.69548220064723,480.426,557.9645,1023.8825400000001
online_shoppers_f17_t500_th1,trees,online_shoppers,17,500,1,cat_onnx,128,49,35.66742857142857,11.937245057397952,23.55501004464286,37.608601721938776,4521.795,4953.471699999999,5723.9593
online_shoppers_f17_t500_th1,trees,online_shoppers,17,500,1,lgb_sklearn,4096,5,31.124165771484375,0.6136288085937487,30.530385400390625,41.395774267578126,125894.577,178200.5911,182146.61752
online_shoppers_f17_t500_th1,trees,online_shoppers,17,500,1,xgb_inplace,256,46,12.81550390625,0.21064228091032433,12.60918894361413,14.376488705842393,3259.0765,3576.599,5379.740149999995
online_shoppers_f17_t500_th1,trees,online_shoppers,17,500,1,lgb_booster,128,23,31.861554008152172,1.5567729279891296,31.12803091032609,37.010401494565215,4037.174,4759.738399999999,6283.134319999993
online_shoppers_f17_t500_th1,trees,online_shoppers,17,500,1,lgb_onnx,8,651,29.524237903225806,7.769623751920122,28.51863517665131,43.49970391705069,237.355,357.97,393.6887999999999
online_shoppers_f17_t500_th1,trees,online_shoppers,17,500,1,lgb_sklearn,8,110,168.05854772727272,3.5412812499999973,165.28781931818182,190.7843909090909,1326.6280000000002,1489.57235,2405.516700000002
online_shoppers_f17_t500_th1,trees,online_shoppers,17,500,1,xgb_dmatrix,4096,5,11.43188349609375,6.966505859374999,10.648732226562501,19.832985937500002,45263.72,80797.0171,85306.54348000001
online_shoppers_f17_t500_th1,trees,online_shoppers,17,500,1,xgb_onnx,16384,5,21.91778172607422,4.17844522705078,21.603170153808595,33.12871807861328,359845.385,541369.0771999999,555443.7407000001
online_shoppers_f17_t500_th1,trees,online_shoppers,17,500,1,xgb_dmatrix,1,117,637.9445811965812,30.740158119658076,595.0330085470085,705.7213931623932,607.208,698.8086000000001,1799.5188800000028
online_shoppers_f17_t500_th1,trees,online_shoppers,17,500,1,lgb_sklearn,64,41,47.94637538109756,20.08434775152439,42.20650647865853,66.1496474847561,3091.891,4579.4535,5777.1125
online_shoppers_f17_t500_th1,trees,online_shoppers,17,500,1,xgb_sklearn,256,44,13.571501686789771,0.7564145951704546,12.961527876420455,14.520962446732954,3367.952,4100.3195499999965,5692.681370000001
online_shoppers_f17_t500_th1,trees,online_shoppers,17,500,1,lgb_onnx,2,2075,38.209984337349404,3.8266430120481942,37.68862096385542,43.39569518072289,75.845,108.71179999999997,134.00247999999996
online_shoppers_f17_t500_th1,trees,online_shoppers,17,500,1,xgb_onnx,128,53,21.803969339622643,1.1276847729952841,21.486873525943395,24.28034876179245,2768.143,3255.3216999999995,4517.678639999997
online_shoppers_f17_t500_th1,trees,online_shoppers,17,500,1,lgb_sklearn,16384,5,30.80542645263672,4.764336828613274,30.272828564453125,39.177829724121096,507151.063,668130.9635,693870.054
online_shoppers_f17_t500_th1,trees,online_shoppers,17,500,1,xgb_inplace,512,14,12.172262276785714,3.586599748883927,11.436398716517857,20.773581473214286,6058.5535,10584.6724,11496.253709999999
online_shoppers_f17_t500_th1,trees,online_shoppers,17,500,1,xgb_dmatrix,2,194,377.16687886597936,20.005324742268044,365.26373711340204,394.62911082474227,742.905,862.4757499999998,1066.0247500000012
online_shoppers_f17_t500_th1,trees,online_shoppers,17,500,1,xgb_inplace,16384,5,10.516843835449219,4.615611389160156,10.290842614746094,18.82356671142578,170913.598,310716.1664,320367.75368
online_shoppers_f17_t500_th1,trees,online_shoppers,17,500,1,cat_onnx,2,1811,45.55204997239095,3.289227636664833,44.325664273881834,50.82532026504693,89.867,135.885,173.4106
online_shoppers_f17_t500_th1,trees,online_shoppers,17,500,1,lgb_booster,8,466,41.69062929184549,2.286655713519309,40.3994857832618,47.91856679184549,324.62300000000005,454.954,596.24125
online_shoppers_f17_t500_th1,trees,online_shoppers,17,500,1,xgb_dmatrix,8,187,99.53399331550803,1.9465975935828794,97.72305213903743,106.18596323529411,782.103,893.4915999999998,1136.3839600000001
online_shoppers_f17_t500_th1,trees,online_shoppers,17,500,1,cat_onnx,8,550,34.09505886363636,1.222081931818181,32.329387727272724,36.05031204545454,266.3245,344.6016,420.01378000000005
online_shoppers_f17_t500_th1,trees,online_shoppers,17,500,1,xgb_dmatrix,1024,12,11.438554443359376,0.20796944173177145,11.28454833984375,13.243557779947917,11634.246,13249.983899999997,18595.95535999999
online_shoppers_f17_t500_th1,trees,online_shoppers,17,500,1,xgb_sklearn,1,322,670.8263913043478,37.84134161490692,544.8778726708074,743.6453850931676,636.937,738.4393499999999,1806.32572
online_shoppers_f17_t500_th1,trees,online_shoppers,17,500,1,xgb_inplace,2,179,447.5398687150838,20.047303072625652,421.1611145251397,490.4745698324022,853.656,1010.5836,2077.5243599999994
online_shoppers_f17_t500_th1,trees,online_shoppers,17,500,1,lgb_sklearn,512,6,32.2809697265625,1.5001529947916623,31.983205403645833,42.91053515625,16563.362,23901.338,26099.53055
online_shoppers_f17_t1000_th1,trees,online_shoppers,17,1000,1,xgb_inplace,128,43,27.315956940406977,0.9475702216569744,26.486007994186046,30.368946584302325,3435.022,4189.068,5856.802000000001
online_shoppers_f17_t1000_th1,trees,online_shoppers,17,1000,1,xgb_sklearn,16384,5,21.29342822265625,5.518921728515629,20.951844750976562,37.31132531738281,354718.264,615018.4685,621321.22534
online_shoppers_f17_t1000_th1,trees,online_shoppers,17,1000,1,lgb_booster,512,5,92.73362734375,2.3844029296874965,89.8758609375,128.857403515625,46405.36,65702.5655,66626.37264
online_shoppers_f17_t1000_th1,trees,online_shoppers,17,1000,1,xgb_inplace,32,87,47.50530423850575,0.7974200790229844,46.33372521551724,52.12142852011494,1480.604,2166.0132,2304.1351599999994
online_shoppers_f17_t1000_th1,trees,online_shoppers,17,1000,1,xgb_inplace,16,126,76.68805257936508,1.3148187003968275,75.71654712301587,81.24235515873016,1202.975,1427.0545,1975.2553500000001
online_shoppers_f17_t1000_th1,trees,online_shoppers,17,1000,1,cat_sklearn,2,303,248.9472590759076,9.825838283828375,241.79175742574256,264.11461881188114,495.41,556.708,759.8232799999994
online_shoppers_f17_t1000_th1,trees,online_shoppers,17,1000,1,xgb_sklearn,512,12,25.95353483072917,16.021409667968754,22.825720540364582,39.7332666015625,12267.5555,20726.562749999997,23371.880199999996
online_shoppers_f17_t1000_th1,trees,online_shoppers,17,1000,1,cat_sklearn,512,66,3.880255918560606,1.0077817826704547,3.1763948567708336,4.770607984138258,1655.321,3204.03925,4347.043
online_shoppers_f17_t1000_th1,trees,online_shoppers,17,1000,1,xgb_onnx,4096,5,44.71852670898438,0.3225948242187471,44.073801513671874,56.08411865234375,181471.99,209993.76339999985,271499.15018
online_shoppers_f17_t1000_th1,trees,online_shoppers,17,1000,1,cat_onnx,64,30,77.5694625,4.180843750000008,73.06224010416666,87.3132890625,4891.008,5629.22195,7108.42308
online_shoppers_f17_t1000_th1,trees,online_shoppers,17,1000,1,xgb_sklearn,8,91,213.2907129120879,5.745187499999986,203.5475192307692,225.38693406593407,1644.301,1904.383,2872.945
online_shoppers_f17_t1000_th1,trees,online_shoppers,17,1000,1,lgb_booster,256,5,96.4691859375,8.316938671874993,89.75147187500001,114.80347421875,24473.307,33837.3794,35596.6975
online_shoppers_f17_t1000_th1,trees,online_shoppers,17,1000,1,lgb_sklearn,2,159,454.56878616352196,8.883852201257866,446.7722672955975,495.8253238993711,898.212,1015.0577999999998,1300.0114399999998
online_shoppers_f17_t1000_th1,trees,online_shoppers,17,1000,1,xgb_sklearn,1024,6,22.33147151692708,0.7400004069010393,21.75396533203125,24.440333984375,22370.7835,26858.08725,30243.670349999993
online_shoppers_f17_t1000_th1,trees,online_shoppers,17,1000,1,lgb_onnx,32,98,47.00197480867347,0.26279575892856855,46.433095025510205,50.84464668367347,1499.696,1670.3774999999996,2112.11382
online_shoppers_f17_t1000_th1,trees,online_shoppers,17,1000,1,xgb_dmatrix,256,23,25.443507472826088,0.41876604959239216,24.935093410326086,26.770643002717392,6443.637,7063.532599999999,9357.936759999973
online_shoppers_f17_t1000_th1,trees,online_shoppers,17,1000,1,cat_sklearn,4096,24,1.5013883056640625,0.03815631612141912,1.4421033935546874,2.2527938537597656,5874.925499999999,9958.225999999999,14061.45
online_shoppers_f17_t1000_th1,trees,online_shoppers,17,1000,1,lgb_booster,1024,5,96.16265546875,30.625532714843757,88.98338398437501,129.317714453125,101204.345,139063.3339,140857.90552
online_shoppers_f17_t1000_th1,trees,online_shoppers,17,1000,1,cat_onnx,4,466,80.75685568669529,2.5471346566523465,79.40064216738197,86.2130123390558,320.94100000000003,405.79725,467.528
online_shoppers_f17_t1000_th1,trees,online_shoppers,17,1000,1,lgb_booster,16,79,99.01567009493671,8.515097705696206,92.9672618670886,112.92006962025317,1540.363,2092.591999999999,2267.410159999997
online_shoppers_f17_t1000_th1,trees,online_shoppers,17,1000,1,lgb_booster,1,883,168.09447678369196,11.939404869762171,162.3534303510759,191.45821970554928,164.247,228.35219999999995,276.3758799999999
online_shoppers_f17_t1000_th1,trees,online_shoppers,17,1000,1,xgb_inplace,8,138,137.4823677536232,2.43851539855072,134.65027898550724,143.4767989130435,1078.9975,1231.60875,1584.7453099999987
online_shoppers_f17_t1000_th1,trees,online_shoppers,17,1000,1,xgb_sklearn,4,131,380.70694656488547,58.11039312977107,294.967070610687,415.1676698473282,1497.069,1780.706,2677.8975999999975
online_shoppers_f17_t1000_th1,trees,online_shoppers,17,1000,1,cat_sklearn,1,375,398.7257333333333,15.385096000000033,382.31597866666664,498.21033866666664,389.51,467.7663999999999,919.0738799999807
online_shoppers_f17_t1000_th1,trees,online_shoppers,17,1000,1,cat_sklearn,8,261,95.95347318007663,13.264033285440604,69.31518342911878,100.25018151340996,592.922,1688.7355,2308.5121000000067
online_shoppers_f17_t1000_th1,trees,online_shoppers,17,1000,1,cat_onnx,256,12,47.8253349609375,0.6846134440104237,47.492461263020836,52.4960576171875,12267.8635,13544.436099999997,17295.13064
online_shoppers_f17_t1000_th1,trees,online_shoppers,17,1000,1,cat_onnx,16384,5,50.560904956054685,9.618965332031252,47.60131600341797,67.31248199462891,786654.683,1202089.8643,1212927.19438
online_shoppers_f17_t1000_th1,trees,online_shoppers,17,1000,1,cat_onnx,1,1162,128.03317211703958,3.7876247848536764,123.43643373493975,131.82997762478487,121.4145,176.27189999999996,215.67202000000034
online_shoppers_f17_t1000_th1,trees,online_shoppers,17,1000,1,xgb_onnx,64,50,47.4543903125,1.4869307812500026,46.738915625000004,50.25824875,2996.5315,3408.3731,4316.02777
online_shoppers_f17_t1000_th1,trees,online_shoppers,17,1000,1,cat_sklearn,32,252,16.31880109126984,0.6148124999999993,15.619222222222223,18.123277777777776,523.6800000000001,576.18,832.8012699999997
online_shoppers_f17_t1000_th1,trees,online_shoppers,17,1000,1,lgb_booster,32,48,100.76759309895833,4.60569368489584,93.95845638020833,105.47517252604167,3150.0235000000002,4097.606099999998,4676.48031
online_shoppers_f17_t1000_th1,trees,online_shoppers,17,1000,1,lgb_onnx,128,17,64.50391268382353,2.402759650735298,62.59119715073529,68.07114016544118,8147.966,10070.350999999993,10577.675199999998
online_shoppers_f17_t1000_th1,trees,online_shoppers,17,1000,1,lgb_onnx,16,120,75.34680208333333,3.7607697916666893,72.32363020833333,77.27009531249999,1187.922,1281.7431999999997,1570.81762
online_shoppers_f17_t1000_th1,trees,online_shoppers,17,1000,1,xgb_onnx,32,56,73.54325167410714,2.4261629464285903,57.944344866071425,84.81635044642857,2298.1890000000003,2904.48375,4294.970000000001
online_shoppers_f17_t1000_th1,trees,online_shoppers,17,1000,1,xgb_dmatrix,32,91,49.854345467032964,0.9173756868131804,48.72148626373626,53.05273076923076,1567.631,1747.868,2379.479
online_shoppers_f17_t1000_th1,trees,online_shoppers,17,1000,1,lgb_onnx,256,13,42.033483173076924,1.5299160156249911,41.586942307692304,45.60381129807692,10720.835,11997.0985,15017.916500000018
online_shoppers_f17_t1000_th1,trees,online_shoppers,17,1000,1,xgb_dmatrix,4,129,278.53615697674417,9.331532945736456,272.5982751937985,296.0866666666667,1096.15,1257.1412999999998,1601.3373599999993
online_shoppers_f17_t1000_th1,trees,online_shoppers,17,1000,1,xgb_sklearn,128,41,27.998118521341464,0.5040322027439039,27.45669150152439,31.041483422256096,3544.085,3828.609,5680.6945
online_shoppers_f17_t1000_th1,trees,online_shoppers,17,1000,1,lgb_sklearn,128,11,97.26621732954546,5.038884943181841,95.93953764204545,104.95044460227273,12380.574,13633.45,17687.2396
online_shoppers_f17_t1000_th1,trees,online_shoppers,17,1000,1,xgb_dmatrix,512,12,23.66651416015625,15.55427457682292,23.10965234375,42.194154296875,11959.373,22217.689949999996,24598.12082
online_shoppers_f17_t1000_th1,trees,online_shoppers,17,1000,1,xgb_inplace,64,41,54.0681631097561,3.1517698170731734,51.89212423780488,62.06284108231707,3410.142,4385.002,5588.5725
online_shoppers_f17_t1000_th1,trees,online_shoppers,17,1000,1,xgb_onnx,1024,5,46.15590078125,17.37574560546875,44.00278125,67.6130630859375,45570.91,70341.7656,71667.93914
online_shoppers_f17_t1000_th1,trees,online_shoppers,17,1000,1,lgb_booster,16384,5,100.99985125732422,8.44791024169922,89.94712889404296,106.99238325195313,1520060.315,1950015.4755,1991582.30938
online_shoppers_f17_t1000_th1,trees,online_shoppers,17,1000,1,xgb_onnx,4,302,66.50858692052981,2.57858402317882,66.05515645695364,70.00255298013245,264.5385,311.78155000000004,379.44809999999995
online_shoppers_f17_t1000_th1,trees,online_shoppers,17,1000,1,xgb_onnx,1,2146,82.3233066169618,3.327442218080151,80.87044827586207,88.5072045666356,80.264,110.6635,137.31155000000004
online_shoppers_f17_t1000_th1,trees,online_shoppers,17,1000,1,xgb_inplace,1024,6,37.49736507161459,10.426266113281258,21.63478759765625,42.83514143880208,38156.350000000006,42778.778,50912.12874999995
online_shoppers_f17_t1000_th1,trees,online_shoppers,17,1000,1,xgb_dmatrix,128,22,48.09042151988636,16.63008238636364,27.58202166193182,56.192885653409085,6036.709000000001,7489.648399999999,8648.90775
online_shoppers_f17_t1000_th1,trees,online_shoppers,17,1000,1,cat_sklearn,64,288,9.38536865234375,0.48702297634548586,8.9312861328125,10.414258897569445,595.5805,664.0376999999999,1153.5626599999998
online_shoppers_f17_t1000_th1,trees,online_shoppers,17,1000,1,cat_sklearn,16384,7,1.3122342965262275,0.045084010532924435,1.2738251429966516,1.506744376046317,21180.735,26046.639600000002,36706.41411999997
online_shoppers_f17_t1000_th1,trees,online_shoppers,17,1000,1,xgb_onnx,16,161,55.79595962732919,2.0239835015527916,54.0164274068323,64.46515295031055,868.242,1158.2855,1252.5394000000001
online_shoppers_f17_t1000_th1,trees,online_shoppers,17,1000,1,lgb_onnx,1,1793,92.89004963747908,8.279608756274413,90.3088031232571,102.34395649749024,90.335,129.954,155.60531999999995
online_shoppers_f17_t1000_th1,trees,online_shoppers,17,1000,1,lgb_booster,4096,5,91.6868638671875,14.339773022460932,90.00318974609375,123.93689125976563,381154.717,511193.3629,528015.36652
online_shoppers_f17_t1000_th1,trees,online_shoppers,17,1000,1,cat_sklearn,128,231,5.502660612824675,0.15686449878246655,5.30264623917749,5.664171401515152,705.925,753.275,886.6433999999965
online_shoppers_f17_t1000_th1,trees,online_shoppers,17,1000,1,lgb_onnx,1024,5,41.7728564453125,1.9537968749999948,41.2255169921875,62.5485986328125,42500.87,63460.673800000004,65056.20138
online_shoppers_f17_t1000_th1,trees,online_shoppers,17,1000,1,lgb_sklearn,16,48,191.5976640625,18.019498697916646,186.37285546875,223.53441927083335,3021.947,4995.414799999999,5427.18582
online_shoppers_f17_t1000_th1,trees,online_shoppers,17,1000,1,xgb_inplace,4,111,347.7226126126126,19.008840090090075,336.78887387387385,377.5765563063063,1365.716,1522.712,2721.1969999999974
online_shoppers_f17_t1000_th1,trees,online_shoppers,17,1000,1,lgb_booster,64,15,103.56480520833333,43.44410416666665,90.691175,153.35343645833333,5965.112,9874.773599999999,12405.747839999967
online_shoppers_f17_t1000_th1,trees,online_shoppers,17,1000,1,lgb_onnx,64,52,44.237582932692305,1.0076188401442252,43.50267487980769,45.46430348557692,2799.857,3034.5725999999995,3932.72066
online_shoppers_f17_t1000_th1,trees,online_shoppers,17,1000,1,xgb_sklearn,16,107,83.68239602803739,1.9749465537383202,82.20228212616823,89.8478644859813,1319.95,1544.604200000001,1965.68412
online_shoppers_f17_t1000_th1,trees,online_shoppers,17,1000,1,xgb_dmatrix,16,113,82.1381814159292,1.7768711283185894,80.66683185840708,88.64408296460176,1291.557,1736.6769999999951,1994.8249199999982
online_shoppers_f17_t1000_th1,trees,online_shoppers,17,1000,1,xgb_onnx,512,6,44.48344596354166,0.5098665364583326,44.10590787760417,46.14930240885416,22602.647,23943.4335,27901.246349999994
online_shoppers_f17_t1000_th1,trees,online_shoppers,17,1000,1,lgb_sklearn,4,120,273.9989875,9.55609479166668,268.4391145833333,300.431775,1081.088,1259.5344499999994,1602.0999299999996
online_shoppers_f17_t1000_th1,trees,online_shoppers,17,1000,1,xgb_onnx,256,13,52.16159344951923,22.384019831730768,44.29010066105769,68.51515054086539,13838.819,17744.04,18939.96416
online_shoppers_f17_t1000_th1,trees,online_shoppers,17,1000,1,lgb_booster,2,410,185.32473658536586,10.22205548780488,172.87278414634147,218.46346341463413,354.395,418.3603,591.0625199999997
online_shoppers_f17_t1000_th1,trees,online_shoppers,17,1000,1,lgb_sklearn,256,5,130.37155546875,22.109492187499995,98.586315625,145.77033359375,33444.466,38030.5024,43844.43262000001
online_shoppers_f17_t1000_th1,trees,online_shoppers,17,1000,1,xgb_onnx,2,1017,75.59458702064896,2.5479070796460235,74.78422713864306,83.36141543756146,149.441,193.27289999999974,234.5960199999999
online_shoppers_f17_t1000_th1,trees,online_shoppers,17,1000,1,xgb_dmatrix,64,69,33.15017549818841,0.9968093297101461,32.58778872282609,36.15337454710145,2099.387,2406.6081,3381.6876599999973
online_shoppers_f17_t1000_th1,trees,online_shoppers,17,1000,1,xgb_inplace,1,285,454.1128245614035,39.664285964912324,430.1701894736842,505.8162350877193,432.611,666.3395999999999,915.3383199999976
online_shoppers_f17_t1000_th1,trees,online_shoppers,17,1000,1,xgb_onnx,8,330,59.93981553030303,1.4016062500000004,59.0446875,63.09309848484849,475.204,543.9379499999999,672.67976
online_shoppers_f17_t1000_th1,trees,online_shoppers,17,1000,1,cat_onnx,16,163,61.387098542944784,18.935220667177916,57.34111579754602,87.85156518404908,960.224,1443.6462,1841.3048799999979
online_shoppers_f17_t1000_th1,trees,online_shoppers,17,1000,1,lgb_sklearn,32,27,163.7059976851852,5.100779513888881,159.4482488425926,179.37707638888887,5171.5,5925.3094,7354.699520000002
online_shoppers_f17_t1000_th1,trees,online_shoppers,17,1000,1,xgb_sklearn,2,100,768.41677,53.40236499999992,725.954155,856.4759449999999,1468.6309999999999,1974.0428999999997,3483.2229
online_shoppers_f17_t1000_th1,trees,online_shoppers,17,1000,1,xgb_sklearn,32,60,51.192825,4.643282031249996,49.471488541666666,79.75280729166667,1608.819,2487.8712499999997,2860.0420899999986
online_shoppers_f17_t1000_th1,trees,online_shoppers,17,1000,1,cat_onnx,1024,5,46.72409375,1.529506738281249,46.4130796875,50.3003263671875,47905.562,53622.14399999998,59190.45652
online_shoppers_f17_t1000_th1,trees,online_shoppers,17,1000,1,cat_onnx,4096,5,47.963560205078124,14.563097167968749,47.163931884765624,72.58034370117188,196591.232,300445.3784,313402.33096000005
online_shoppers_f17_t1000_th1,trees,online_shoppers,17,1000,1,cat_sklearn,256,169,3.756082216161243,0.09820181906434966,3.534254206730769,4.021160641642012,962.017,1033.9121,1325.3488400000026
online_shoppers_f17_t1000_th1,trees,online_shoppers,17,1000,1,cat_sklearn,1024,77,2.2540895900974025,0.07385555118709419,2.172558302049513,2.3479947240259738,2371.382,2746.0190999999995,4769.735719999997
online_shoppers_f17_t1000_th1,trees,online_shoppers,17,1000,1,lgb_booster,4,272,120.68350919117647,4.633915900735289,111.35865625,132.5623198529412,473.0405,616.5322499999997,718.7466500000003
online_shoppers_f17_t1000_th1,trees,online_shoppers,17,1000,1,lgb_sklearn,1024,5,119.760490234375,27.233384960937514,89.72272910156249,125.4599822265625,120261.349,132163.7115,137364.88514
online_shoppers_f17_t1000_th1,trees,online_shoppers,17,1000,1,cat_sklearn,16,284,30.922593309859156,0.41085134242958077,29.84519102112676,35.01715911091549,492.4545,539.38005,632.9189499999998
online_shoppers_f17_t1000_th1,trees,online_shoppers,17,1000,1,lgb_onnx,4096,5,42.22702299804687,17.889491357421875,41.2526734375,63.54838388671875,171140.453,265364.5511,268661.73078
online_shoppers_f17_t1000_th1,trees,online_shoppers,17,1000,1,lgb_onnx,4,594,66.58740025252526,3.160959806397301,65.39109511784513,71.651273989899,265.641,323.55414999999977,385.66105000000005
online_shoppers_f17_t1000_th1,trees,online_shoppers,17,1000,1,lgb_sklearn,1,163,823.4886687116565,33.4484386503068,804.7616564417177,916.048263803681,817.027,1006.6056,1207.4156399999997
online_shoppers_f17_t1000_th1,trees,online_shoppers,17,1000,1,xgb_dmatrix,16384,5,22.26171746826172,7.0249973754882795,21.068486486816408,37.79348623046875,360360.625,623964.4433,632675.81032
online_shoppers_f17_t1000_th1,trees,online_shoppers,17,1000,1,xgb_sklearn,4096,5,21.231618359375,0.8749015136718761,20.7880486328125,21.831150390625,85622.36,99241.8355,100629.11312
online_shoppers_f17_t1000_th1,trees,online_shoppers,17,1000,1,xgb_sklearn,64,65,34.26109567307692,2.410116466346146,33.29407548076923,39.71724543269231,2156.697,3004.9285999999984,3663.7181800000003
online_shoppers_f17_t1000_th1,trees,online_shoppers,17,1000,1,lgb_onnx,16384,5,42.09339340820313,9.81187135620118,41.78098936767578,61.85798879394531,690259.329,1046169.1605,1059070.33772
online_shoppers_f17_t1000_th1,trees,online_shoppers,17,1000,1,cat_onnx,32,88,53.34195170454546,1.27999041193182,52.16681356534091,58.51327024147727,1688.1554999999998,2065.1350999999995,2599.0997300000035
online_shoppers_f17_t1000_th1,trees,online_shoppers,17,1000,1,xgb_inplace,4096,5,21.636123779296874,13.289774926757811,20.751090917968753,38.32933427734375,87466.04,159211.6419,162091.86411999998
online_shoppers_f17_t1000_th1,trees,online_shoppers,17,1000,1,cat_onnx,512,5,72.110134375,10.855299609374995,48.694288671875,76.290169140625,36540.224,39317.6043,42940.901580000005
online_shoppers_f17_t1000_th1,trees,online_shoppers,17,1000,1,lgb_onnx,512,6,41.80148307291667,0.8483494466145771,41.311697265625,45.346556640625,21342.8185,22511.078,26663.691199999965
online_shoppers_f17_t1000_th1,trees,online_shoppers,17,1000,1,cat_sklearn,4,321,125.72626246105919,4.442780373831766,116.67946495327104,143.44882788161993,504.463,555.6145,875.6139999999991
online_shoppers_f17_t1000_th1,trees,online_shoppers,17,1000,1,cat_onnx,128,24,47.90774869791667,1.1859573567708281,46.7387421875,51.774058919270836,6078.553,6961.1648,8941.708289999999
online_shoppers_f17_t1000_th1,trees,online_shoppers,17,1000,1,lgb_sklearn,4096,5,93.092083203125,24.964401440429697,90.40772368164062,125.15278315429688,389360.406,518588.2707,534581.20854
online_shoppers_f17_t1000_th1,trees,online_shoppers,17,1000,1,xgb_inplace,256,17,25.00655055147059,0.6913600643382338,24.551288143382354,28.9477265625,6340.554,7115.470399999999,10643.648719999996
online_shoppers_f17_t1000_th1,trees,online_shoppers,17,1000,1,lgb_booster,128,12,96.29216145833333,5.956802083333329,91.880265625,104.69144270833333,12236.3865,13957.772649999999,16933.93511
online_shoppers_f17_t1000_th1,trees,online_shoppers,17,1000,1,lgb_onnx,8,349,58.21580193409742,0.5688518982808048,56.738046919770774,60.759441260744985,458.538,528.2298999999999,640.2231799999997
online_shoppers_f17_t1000_th1,trees,online_shoppers,17,1000,1,lgb_sklearn,8,97,199.6718350515464,25.77205412371137,183.37815463917525,270.6236765463917,1518.745,2240.1925,2521.2052999999883
online_shoppers_f17_t1000_th1,trees,online_shoppers,17,1000,1,xgb_dmatrix,4096,5,22.00162685546875,10.287941479492186,21.105826318359373,38.881569189453124,87846.905,158630.53209999998,168377.04148
online_shoppers_f17_t1000_th1,trees,online_shoppers,17,1000,1,xgb_onnx,16384,5,45.14847542724609,12.382657580566402,44.48108486328125,63.64532838134766,735068.274,1121975.9864,1128893.90618
online_shoppers_f17_t1000_th1,trees,online_shoppers,17,1000,1,xgb_dmatrix,1,184,774.867304347826,266.73218206521733,532.9734510869565,938.3080815217392,745.26,971.0565999999999,2082.19315
online_shoppers_f17_t1000_th1,trees,online_shoppers,17,1000,1,lgb_sklearn,64,20,108.42778515625,3.3466058593750034,105.56208749999999,116.75045234375,6859.509,7634.2521,9723.89387
online_shoppers_f17_t1000_th1,trees,online_shoppers,17,1000,1,xgb_sklearn,256,23,25.370188688858697,0.6545037364130444,24.944522078804347,28.23968851902174,6446.127,7519.9393999999975,10905.643679999997
online_shoppers_f17_t1000_th1,trees,online_shoppers,17,1000,1,lgb_onnx,2,733,80.54792087312416,2.32862824010914,78.57692905866303,95.23157230559345,157.921,219.03479999999996,241.89764
online_shoppers_f17_t1000_th1,trees,online_shoppers,17,1000,1,xgb_onnx,128,26,44.91800180288462,1.2645791766826875,44.22215745192308,47.94540865384616,5720.3655,6331.9295,8361.353049999998
online_shoppers_f17_t1000_th1,trees,online_shoppers,17,1000,1,lgb_sklearn,16384,5,101.65953198242188,8.964218414306629,90.7357878540039,107.14547562255859,1539946.861,2030572.8376,2063992.659
online_shoppers_f17_t1000_th1,trees,online_shoppers,17,1000,1,xgb_inplace,512,7,22.97411244419643,0.7546918247767884,22.409996930803572,25.995782924107143,11546.705,13445.743400000001,16115.905239999976
online_shoppers_f17_t1000_th1,trees,online_shoppers,17,1000,1,xgb_dmatrix,2,138,528.2726884057971,6.443516304347668,524.3027391304348,576.4532971014493,1043.4205000000002,1138.1047499999997,1562.0228499999987
online_shoppers_f17_t1000_th1,trees,online_shoppers,17,1000,1,xgb_inplace,16384,5,21.34359182128906,9.77903616333008,20.863876721191406,36.688815270996095,355692.948,613494.1109,618640.85676
online_shoppers_f17_t1000_th1,trees,online_shoppers,17,1000,1,cat_onnx,2,781,103.10918629961587,3.709072343149799,100.50737708066582,113.78480601792573,204.394,266.272,319.89270000000005
online_shoppers_f17_t1000_th1,trees,online_shoppers,17,1000,1,lgb_booster,8,174,102.97018247126437,3.854911637931039,101.01954454022987,110.86163218390804,813.2940000000001,967.1821499999999,1197.9652600000002
online_shoppers_f17_t1000_th1,trees,online_shoppers,17,1000,1,xgb_dmatrix,8,126,152.19282738095237,6.65449553571429,145.03708630952383,158.5730882936508,1175.429,1405.626,1733.3711500000013
online_shoppers_f17_t1000_th1,trees,online_shoppers,17,1000,1,cat_onnx,8,308,65.99472362012986,1.4222224025973986,64.39018993506494,71.10271387987014,522.3824999999999,643.6698499999995,765.3646900000001
online_shoppers_f17_t1000_th1,trees,online_shoppers,17,1000,1,xgb_dmatrix,1024,6,22.12452490234375,0.29697363281250233,21.776146647135416,29.54647884114583,22430.5545,31128.30575,37548.02184999996
online_shoppers_f17_t1000_th1,trees,online_shoppers,17,1000,1,xgb_sklearn,1,267,587.6763820224719,197.81416666666667,556.3365767790262,857.0013820224718,584.555,867.4183999999997,1383.53856
online_shoppers_f17_t1000_th1,trees,online_shoppers,17,1000,1,xgb_inplace,2,75,640.4466733333334,14.842776666666623,633.2391,698.6734333333334,1262.49,1357.5782,2345.9794
online_shoppers_f17_t1000_th1,trees,online_shoppers,17,1000,1,lgb_sklearn,512,5,113.84024609375,30.78866953124998,90.3682671875,134.50164453125,60041.742,70011.2119,74225.22678
synthetic_f20_t100_th1,features,synthetic,20,100,1,xgb_inplace,128,242,4.819063274793389,0.13273899147727253,4.680540579803719,5.506287932592976,598.287,753.4139499999995,1051.0355499999973
synthetic_f20_t100_th1,features,synthetic,20,100,1,xgb_sklearn,16384,5,2.066660681152344,0.20413115844726581,2.01686787109375,2.288776525878906,33260.414,45222.974399999985,53275.14286000001
synthetic_f20_t100_th1,features,synthetic,20,100,1,lgb_booster,512,40,7.351035205078125,0.22826713867187554,7.2051733886718745,7.898732958984374,3707.5344999999998,4301.34015,4835.95963
synthetic_f20_t100_th1,features,synthetic,20,100,1,xgb_inplace,32,332,17.830001600150602,4.197278849774097,12.490415097891566,19.588345914909638,536.797,639.4531000000001,1243.8566199999946
synthetic_f20_t100_th1,features,synthetic,20,100,1,xgb_inplace,16,285,31.58253903508772,1.8441423245614033,30.625518421052632,35.318895614035085,489.553,577.031,1527.8170999999998
synthetic_f20_t100_th1,features,synthetic,20,100,1,cat_sklearn,2,130,304.60354615384614,42.83946153846148,242.0427346153846,359.4317846153846,465.36,1670.85895,2285.395040000001
synthetic_f20_t100_th1,features,synthetic,20,100,1,xgb_sklearn,512,55,3.1056533025568185,2.252371040482955,2.977956853693182,5.989246306818181,1572.066,2849.9756,4733.167840000003
synthetic_f20_t100_th1,features,synthetic,20,100,1,cat_sklearn,512,204,1.4838275601256128,0.05991593424479147,1.4014615693933825,1.5563146350337012,761.9755,843.8673,1132.0760100000039
synthetic_f20_t100_th1,features,synthetic,20,100,1,xgb_onnx,4096,7,4.8226086774553565,0.06559598214285689,4.77998468889509,5.253925571986607,19698.143,21887.221200000004,25363.46115999999
synthetic_f20_t100_th1,features,synthetic,20,100,1,cat_onnx,64,355,6.253352464788732,0.2522184639084504,6.067857658450705,6.731453125,389.931,544.3657999999996,607.43088
synthetic_f20_t100_th1,features,synthetic,20,100,1,xgb_sklearn,8,277,60.33469629963899,2.160730144404326,57.70869223826715,62.301361913357404,458.474,624.7074999999998,720.1079599999997
synthetic_f20_t100_th1,features,synthetic,20,100,1,lgb_booster,256,79,7.856340090981012,1.5246240110759484,7.416331141218355,9.773498862737343,2083.73,2600.785,3820.7017199999946
synthetic_f20_t100_th1,features,synthetic,20,100,1,lgb_sklearn,2,147,521.2254421768707,34.40576870748305,486.3839013605442,672.3973265306122,994.572,1419.8182,3041.7803199999985
synthetic_f20_t100_th1,features,synthetic,20,100,1,xgb_sklearn,1024,32,4.5837443237304685,0.2425167541503903,4.476968353271484,4.984159851074219,4627.0845,5896.1584,6895.01225
synthetic_f20_t100_th1,features,synthetic,20,100,1,lgb_onnx,32,492,6.077359565548781,0.4536196011178868,5.862542365345528,9.769576727642276,189.8625,292.8959,346.3525900000007
synthetic_f20_t100_th1,features,synthetic,20,100,1,xgb_dmatrix,256,144,4.108243055555556,0.12003796386718779,4.0128272840711805,4.455510579427083,1024.8125,1216.0369999999996,1797.795570000002
synthetic_f20_t100_th1,features,synthetic,20,100,1,cat_sklearn,4096,64,0.6457544174194336,0.02409070587158202,0.6048490753173829,0.7257419738769532,2614.514,3400.1607000000004,4516.116120000002
synthetic_f20_t100_th1,features,synthetic,20,100,1,lgb_booster,1024,20,7.291612744140625,0.10363962402343674,7.081668798828125,7.64646064453125,7355.4665,8331.303049999999,9293.37834
synthetic_f20_t100_th1,features,synthetic,20,100,1,cat_onnx,4,3000,10.149400916666668,0.32350066666666777,9.966372166666666,11.129810416666666,39.2725,52.391349999999996,66.63858999999991
synthetic_f20_t100_th1,features,synthetic,20,100,1,lgb_booster,16,889,10.51814707536558,0.48297792463442235,10.110322694038244,11.937863821709787,161.132,221.22320000000028,273.25319999999977
synthetic_f20_t100_th1,features,synthetic,20,100,1,lgb_booster,1,3000,77.68296033333334,15.427565333333334,50.163622000000004,88.39443,71.34,95.25519999999999,129.1076499999999
synthetic_f20_t100_th1,features,synthetic,20,100,1,xgb_inplace,8,281,61.8499621886121,4.58504581850535,58.259619217081855,70.9152153024911,471.78,557.2565,1485.4768999999994
synthetic_f20_t100_th1,features,synthetic,20,100,1,xgb_sklearn,4,119,167.6444600840336,10.890170168067243,152.36804201680673,172.13265546218486,639.261,713.3251999999999,1729.057240000001
synthetic_f20_t100_th1,features,synthetic,20,100,1,cat_sklearn,1,146,348.9647123287671,54.812818493150644,323.7020684931507,440.6733904109589,336.596,447.94275000000005,549.2605000000002
synthetic_f20_t100_th1,features,synthetic,20,100,1,cat_sklearn,8,339,56.78486541297935,2.152572455752214,54.652036135693216,62.28349889380531,443.478,509.9872,962.1885599999983
synthetic_f20_t100_th1,features,synthetic,20,100,1,cat_onnx,256,102,5.755754518995098,0.0964184474571077,5.711883003982844,6.22467662377451,1459.7325,1622.43365,2137.5042299999996
synthetic_f20_t100_th1,features,synthetic,20,100,1,cat_onnx,16384,5,5.776442456054688,0.16625894165039057,5.637644323730468,6.28488291015625,92614.105,103922.2372,118413.70250000003
synthetic_f20_t100_th1,features,synthetic,20,100,1,cat_onnx,1,3000,25.928413333333335,1.896151166666666,24.737809666666667,29.996817333333333,24.183,32.9083,47.44330999999995
synthetic_f20_t100_th1,features,synthetic,20,100,1,xgb_onnx,64,304,7.792548365542763,0.19487739000822302,7.515580437911185,8.945294921875,491.466,542.93675,861.1067900000011
synthetic_f20_t100_th1,features,synthetic,20,100,1,cat_sklearn,32,230,14.397721739130434,1.977964470108697,13.901774320652173,22.870401358695652,456.69550000000004,881.6160499999988,1602.3461900000002
synthetic_f20_t100_th1,features,synthetic,20,100,1,lgb_booster,32,530,8.86291432783019,0.23461008254717086,8.730816155660378,9.310528125000001,276.83050000000003,332.18265,419.42068
synthetic_f20_t100_th1,features,synthetic,20,100,1,lgb_onnx,128,238,5.13130206144958,0.09666644235819355,5.0000565585609245,5.401112788865547,638.9960000000001,803.5114000000012,954.20913
synthetic_f20_t100_th1,features,synthetic,20,100,1,lgb_onnx,16,1431,7.113866614255765,0.34951076607267595,6.708858839972048,7.845191780223621,106.815,156.501,208.78140000000008
synthetic_f20_t100_th1,features,synthetic,20,100,1,xgb_onnx,32,811,5.732205225030826,0.17908247919235443,5.594218287607891,6.100230425400739,178.285,231.786,278.5112
synthetic_f20_t100_th1,features,synthetic,20,100,1,xgb_dmatrix,32,279,15.750342181899642,0.35685903897849514,15.289651209677418,16.739978830645164,481.066,695.0298,773.2971600000025
synthetic_f20_t100_th1,features,synthetic,20,100,1,lgb_onnx,256,118,7.147930945444915,1.676042935646187,4.942035553495763,7.411149695444915,1811.991,1936.1497499999998,2522.9020499999992
synthetic_f20_t100_th1,features,synthetic,20,100,1,xgb_dmatrix,4,271,142.13344372693726,11.224782749077463,139.18965867158673,170.6007278597786,558.673,651.912,1657.0556000000001
synthetic_f20_t100_th1,features,synthetic,20,100,1,xgb_sklearn,128,137,8.712897411040148,2.7546989906478094,5.745671475821168,9.650482721259124,1075.487,1262.8997000000002,2328.7898600000067
synthetic_f20_t100_th1,features,synthetic,20,100,1,lgb_sklearn,128,90,12.841702256944446,0.3462546875000001,12.597589409722223,13.573731076388889,1622.065,1894.3679999999983,2193.3540000000003
synthetic_f20_t100_th1,features,synthetic,20,100,1,xgb_dmatrix,512,93,3.1984859290994625,0.06361213667674726,3.106882539482527,3.567197265625,1606.503,1865.807,2693.06394
synthetic_f20_t100_th1,features,synthetic,20,100,1,xgb_inplace,64,328,7.305462318978659,0.25602429496951284,7.0339699885670735,7.808854754192073,449.702,583.6545999999995,723.35901
synthetic_f20_t100_th1,features,synthetic,20,100,1,xgb_onnx,1024,30,4.872596256510416,0.14765050455729067,4.797581445312501,5.2208652018229165,4935.696,5484.650850000001,7088.3838799999985
synthetic_f20_t100_th1,features,synthetic,20,100,1,lgb_booster,16384,5,8.607123083496093,1.6749034484863294,7.019046411132813,9.227413635253907,140309.091,158482.2456,169537.5494
synthetic_f20_t100_th1,features,synthetic,20,100,1,xgb_onnx,4,3000,9.150116,0.12366783333333231,9.03189075,10.148486916666666,35.733,46.977349999999994,56.29735999999994
synthetic_f20_t100_th1,features,synthetic,20,100,1,xgb_onnx,1,3000,16.324575,1.1264101666666626,15.925248666666667,19.066547333333332,15.78,23.714049999999997,29.638089999999988
synthetic_f20_t100_th1,features,synthetic,20,100,1,xgb_inplace,1024,60,2.4174479492187504,0.10295545247395843,2.377784244791667,2.6696716634114583,2439.15,2820.4589999999994,4325.182429999999
synthetic_f20_t100_th1,features,synthetic,20,100,1,xgb_dmatrix,128,208,5.752693246694712,0.05869437349759554,5.624667818509615,6.577069936899038,713.5875000000001,932.2527000000016,1562.2304000000008
synthetic_f20_t100_th1,features,synthetic,20,100,1,cat_sklearn,64,294,7.3020290710034015,0.219583891369048,7.168049107142857,8.281350924744899,470.179,518.2361500000001,824.5540100000012
synthetic_f20_t100_th1,features,synthetic,20,100,1,cat_sklearn,16384,19,0.4888723947625411,0.011842627274362638,0.4787321166992187,0.5482221936677631,7959.488,8980.235,13805.292279999989
synthetic_f20_t100_th1,features,synthetic,20,100,1,xgb_onnx,16,938,9.511046108742004,0.32133248933901903,8.937162713219616,9.658290178571429,145.45850000000002,165.68630000000002,202.90108999999998
synthetic_f20_t100_th1,features,synthetic,20,100,1,lgb_onnx,1,3000,28.47589766666667,2.7721680000000006,26.708620666666665,31.574069666666666,26.091,35.92124999999999,51.56018999999997
synthetic_f20_t100_th1,features,synthetic,20,100,1,lgb_booster,4096,5,7.071238916015625,0.10959531250000154,7.046866357421876,8.601125048828125,28964.145,36563.598399999995,36934.0305
synthetic_f20_t100_th1,features,synthetic,20,100,1,cat_sklearn,128,279,4.146775257616488,0.24655678763440836,3.845145077284946,5.046338905689964,506.615,615.827,1409.0292400000008
synthetic_f20_t100_th1,features,synthetic,20,100,1,lgb_onnx,1024,29,4.937789264547414,0.12907039668642284,4.882428003771552,5.4500413860452595,5002.951,6129.537199999997,7238.95236
synthetic_f20_t100_th1,features,synthetic,20,100,1,lgb_sklearn,16,182,50.67024862637363,0.4651148695054843,49.96051717032967,54.09005288461538,798.653,889.98925,1164.0583
synthetic_f20_t100_th1,features,synthetic,20,100,1,xgb_inplace,4,425,84.26100647058824,2.279610882352955,82.20963764705883,93.54439647058824,323.971,450.9202000000001,588.6879000000085
synthetic_f20_t100_th1,features,synthetic,20,100,1,lgb_booster,64,298,8.223521549916107,0.200329409605704,7.991603450083892,8.799732539848995,510.9945,670.1328999999997,727.60429
synthetic_f20_t100_th1,features,synthetic,20,100,1,lgb_onnx,64,411,7.987880778588807,0.26323148570559596,7.740565655413625,8.873867282542578,500.698,552.593,917.7996000000044
synthetic_f20_t100_th1,features,synthetic,20,100,1,xgb_sklearn,16,227,41.65949036343613,1.4116272026431744,40.758944383259916,44.58592703744493,645.971,721.1744,1758.5581599999998
synthetic_f20_t100_th1,features,synthetic,20,100,1,xgb_dmatrix,16,249,28.552600903614458,11.284351029116468,27.65037424698795,47.738057479919675,460.533,727.2645,1349.2752399999986
synthetic_f20_t100_th1,features,synthetic,20,100,1,xgb_onnx,512,61,4.857258164702869,0.04377591892930255,4.820621349897541,5.209308369620901,2466.011,2653.2225,3468.5124999999994
synthetic_f20_t100_th1,features,synthetic,20,100,1,lgb_sklearn,4,205,183.987493902439,3.0593908536585275,179.1334463414634,200.66740487804879,718.204,917.7944999999959,1086.6522200000002
synthetic_f20_t100_th1,features,synthetic,20,100,1,xgb_onnx,256,120,4.930430501302083,0.06493561197916708,4.890783203125,5.371659147135417,1245.7755,1476.0386999999998,1844.3935599999998
synthetic_f20_t100_th1,features,synthetic,20,100,1,lgb_booster,2,2751,29.750836786623047,0.885779080334423,28.668589240276262,32.19935877862596,54.6,77.644,109.9374000000001
synthetic_f20_t100_th1,features,synthetic,20,100,1,lgb_sklearn,256,44,10.1233486328125,0.0914679066051125,9.922948508522728,11.194765980113637,2560.502,2847.4450499999994,3477.69201
synthetic_f20_t100_th1,features,synthetic,20,100,1,xgb_onnx,2,3000,12.148202999999999,0.6621761666666668,11.99719,18.3624055,23.7,35.2551,48.61805999999999
synthetic_f20_t100_th1,features,synthetic,20,100,1,xgb_dmatrix,64,168,13.380233909970238,0.7991596912202379,12.546485119047619,14.093490141369047,830.4905,955.7612999999999,1909.6601999999998
synthetic_f20_t100_th1,features,synthetic,20,100,1,xgb_inplace,1,435,359.9846528735632,49.88421379310341,338.37694022988507,418.6555241379311,347.19,427.9134,1424.84532
synthetic_f20_t100_th1,features,synthetic,20,100,1,xgb_onnx,8,2028,7.6189155571992115,3.5409179610453645,7.336955436390532,11.655821930473373,63.492999999999995,95.48339999999996,114.06190000000001
synthetic_f20_t100_th1,features,synthetic,20,100,1,cat_onnx,16,1062,7.3684991172316385,0.3486580743879468,7.25057497645951,8.447608286252354,115.5755,152.75304999999997,188.54722
synthetic_f20_t100_th1,features,synthetic,20,100,1,lgb_sklearn,32,159,29.250781839622643,0.7946501572327023,28.7794677672956,31.99583647798742,925.761,1081.2531999999987,1349.6140400000002
synthetic_f20_t100_th1,features,synthetic,20,100,1,xgb_sklearn,2,327,232.93282262996942,7.571758409785929,227.46228593272173,255.20864067278288,447.112,603.4194,706.3360399999997
synthetic_f20_t100_th1,features,synthetic,20,100,1,xgb_sklearn,32,289,16.70297967128028,0.39775064878892863,16.09251903114187,21.94778168252595,511.99,683.1207999999999,1435.5358799999979
synthetic_f20_t100_th1,features,synthetic,20,100,1,cat_onnx,1024,25,8.5723517578125,2.684115117187499,5.76101953125,8.920440000000001,8679.708,9778.213300000001,11186.799139999996
synthetic_f20_t100_th1,features,synthetic,20,100,1,cat_onnx,4096,5,8.633021777343751,0.22623862304687314,8.3025134765625,8.846647363281251,35028.669,38057.8014,40601.97156
synthetic_f20_t100_th1,features,synthetic,20,100,1,cat_sklearn,256,139,3.303958661196043,0.4503316518660072,2.9268700258543165,3.962212005395683,659.997,1881.1285999999998,2302.55292
synthetic_f20_t100_th1,features,synthetic,20,100,1,cat_sklearn,1024,104,1.1481709735576924,0.06177959735576932,1.0350540301983173,1.3240146108774038,1187.228,1355.1413,2523.330089999983
synthetic_f20_t100_th1,features,synthetic,20,100,1,lgb_booster,4,2361,18.636646018636174,1.6117697479881379,18.00075232952139,20.534107687420583,69.681,103.699,143.4631
synthetic_f20_t100_th1,features,synthetic,20,100,1,lgb_sklearn,1024,17,8.12292733226103,0.0894476390165444,8.046551068474265,8.64357559742647,8232.535,9680.743299999998,10462.086879999997
synthetic_f20_t100_th1,features,synthetic,20,100,1,cat_sklearn,16,271,28.15743196494465,0.957340636531363,27.253375,32.08864852398524,443.565,502.577,799.013599999998
synthetic_f20_t100_th1,features,synthetic,20,100,1,lgb_onnx,4096,7,4.945575753348215,0.09069923618861608,4.861294294084821,5.340651402064732,19971.576,22235.325000000004,27145.40996
synthetic_f20_t100_th1,features,synthetic,20,100,1,lgb_onnx,4,3000,9.929342833333335,0.23919024999999827,9.785647833333332,10.9318355,38.536,49.79409999999999,64.80211999999999
synthetic_f20_t100_th1,features,synthetic,20,100,1,lgb_sklearn,1,210,993.3212238095239,16.87207380952384,686.5186571428571,1099.246623809524,975.7204999999999,1056.12215,1713.0058199999933
synthetic_f20_t100_th1,features,synthetic,20,100,1,xgb_dmatrix,16384,5,3.7737009399414063,1.910167663574219,2.280300927734375,4.422654248046875,66150.027,73713.783,78777.62950000001
synthetic_f20_t100_th1,features,synthetic,20,100,1,xgb_sklearn,4096,16,2.211321243286133,0.0477139663696291,2.1569415435791015,2.4105105895996095,8919.353,10084.61175,15416.42125
synthetic_f20_t100_th1,features,synthetic,20,100,1,xgb_sklearn,64,155,9.418513508064516,0.4179680443548399,9.191653427419354,10.92839254032258,585.187,839.6894000000001,1314.2355200000025
synthetic_f20_t100_th1,features,synthetic,20,100,1,lgb_onnx,16384,5,4.916697705078125,0.1186206542968753,4.854218005371093,5.006807470703125,79674.993,89033.1791,90265.19992
synthetic_f20_t100_th1,features,synthetic,20,100,1,cat_onnx,32,707,9.308746552333805,3.145171388790666,6.516684759547384,9.955063251414428,286.766,335.7656,397.45123999999976
synthetic_f20_t100_th1,features,synthetic,20,100,1,xgb_inplace,4096,8,4.033687652587891,0.2278258361816401,3.7967195434570313,4.256309356689453,16365.242,19497.855849999996,20034.388619999998
synthetic_f20_t100_th1,features,synthetic,20,100,1,cat_onnx,512,34,5.737525045955882,0.06599764476102976,5.691349609375,6.566255227481618,2917.5035,3243.4266999999995,4472.354069999999
synthetic_f20_t100_th1,features,synthetic,20,100,1,lgb_onnx,512,59,4.9499715307203385,0.052531481726695084,4.8845861361228815,5.377324185646186,2507.935,2883.2402,3593.87056
synthetic_f20_t100_th1,features,synthetic,20,100,1,cat_sklearn,4,297,111.45175757575757,2.703994528619532,108.66609595959596,120.75117340067341,444.374,494.4432,616.5344600000019
synthetic_f20_t100_th1,features,synthetic,20,100,1,cat_onnx,128,185,5.901939442567567,0.2835329814189196,5.756606714527027,6.377324704391892,735.317,956.1904999999999,1120.39684
synthetic_f20_t100_th1,features,synthetic,20,100,1,lgb_sklearn,4096,5,7.5016732421875005,0.22366433105468886,7.3171880859375,7.9091090332031255,30302.86,32860.817299999995,37150.26722
synthetic_f20_t100_th1,features,synthetic,20,100,1,xgb_inplace,256,168,3.479943754650298,0.21925666155133872,3.4011632719494047,3.8373917875744046,866.146,1245.6595999999995,1501.2860899999998
synthetic_f20_t100_th1,features,synthetic,20,100,1,lgb_booster,128,153,9.397928564133986,0.3765943372140512,7.570510416666667,9.96017320261438,1192.631,1343.5921999999998,1678.082140000001
synthetic_f20_t100_th1,features,synthetic,20,100,1,lgb_onnx,8,1622,11.329447749691738,0.6543438270653503,10.7993478729963,12.057280055487054,87.783,102.41780000000001,121.52000000000004
synthetic_f20_t100_th1,features,synthetic,20,100,1,lgb_sklearn,8,152,134.59654111842104,23.620307976973677,91.89429194078949,142.28257319078946,1056.794,1204.3529499999995,2095.5493399999978
synthetic_f20_t100_th1,features,synthetic,20,100,1,xgb_dmatrix,4096,14,2.4178683210100447,0.05967486572265557,2.3852520751953126,2.691253104073661,9839.1365,10854.19745,13912.16067
synthetic_f20_t100_th1,features,synthetic,20,100,1,xgb_onnx,16384,5,4.838748034667969,0.08677368774414163,4.796083203125,4.956306127929687,78542.05,86421.0594,88176.96972
synthetic_f20_t100_th1,features,synthetic,20,100,1,xgb_dmatrix,1,448,353.240484375,23.19492187500009,335.63134151785715,377.92687723214283,335.5055,445.6945499999999,590.4332899999996
synthetic_f20_t100_th1,features,synthetic,20,100,1,lgb_sklearn,64,129,24.07623049903101,5.599726623062018,18.29866242732558,26.165977228682173,1513.848,1689.175,2405.896959999995
synthetic_f20_t100_th1,features,synthetic,20,100,1,xgb_sklearn,256,92,6.313171280570652,0.32517051630434857,6.069074813179348,7.778510020380435,1577.4885,2043.4755499999994,3676.9492999999998
synthetic_f20_t100_th1,features,synthetic,20,100,1,lgb_onnx,2,3000,19.689057000000002,0.8601444166666639,18.895646333333335,22.4918675,37.262,50.4362,67.05992999999985
synthetic_f20_t100_th1,features,synthetic,20,100,1,xgb_onnx,128,179,5.0482442824720675,0.43096405813547456,4.898874432611732,7.47538032472067,631.673,963.6114,1034.53232
synthetic_f20_t100_th1,features,synthetic,20,100,1,lgb_sklearn,16384,5,7.17481396484375,0.06329134521484292,7.114254382324218,7.259448901367187,116605.743,123889.4176,125038.84108
synthetic_f20_t100_th1,features,synthetic,20,100,1,xgb_inplace,512,103,2.8770609261225726,1.3565122496966024,2.7140630119842237,5.112961620145631,1407.073,2498.462,3792.5036400000054
synthetic_f20_t100_th1,features,synthetic,20,100,1,xgb_dmatrix,2,266,279.48156766917293,10.54307048872181,274.4131879699248,306.4559755639098,542.86,632.68075,1618.9147500000001
synthetic_f20_t100_th1,features,synthetic,20,100,1,xgb_inplace,16384,5,2.2675362792968747,1.6913932128906248,2.0021724609375,3.972642443847656,33097.754,64025.4242,67189.06
synthetic_f20_t100_th1,features,synthetic,20,100,1,cat_onnx,2,3000,13.018733166666667,0.4017844166666684,12.866314333333333,15.542529666666667,25.314,36.23505,45.726089999999985
synthetic_f20_t100_th1,features,synthetic,20,100,1,lgb_booster,8,1434,13.276306746861925,0.8206393828451866,12.718231171548117,14.324032775453277,100.863,137.61979999999997,184.18383
synthetic_f20_t100_th1,features,synthetic,20,100,1,xgb_dmatrix,8,310,56.52918346774193,2.447198588709682,53.91311733870968,58.69139677419355,424.486,593.8150499999996,690.8488999999984
synthetic_f20_t100_th1,features,synthetic,20,100,1,cat_onnx,8,2508,8.365295703748007,0.10007981957735446,8.208230911084529,10.238655303030304,64.693,93.64789999999999,116.82834000000013
synthetic_f20_t100_th1,features,synthetic,20,100,1,xgb_dmatrix,1024,53,3.1012784677181604,2.03800908387382,2.81794711821934,5.028994324882076,3288.887,5256.2683,6381.143399999999
synthetic_f20_t100_th1,features,synthetic,20,100,1,xgb_sklearn,1,294,528.144350340136,30.36783163265318,514.810656462585,600.1924897959184,512.5540000000001,609.21185,1671.2201800000003
synthetic_f20_t100_th1,features,synthetic,20,100,1,xgb_inplace,2,309,248.5658446601942,45.1991723300971,176.42782686084144,278.5208365695793,464.587,604.5121999999999,1728.2450999999999
synthetic_f20_t100_th1,features,synthetic,20,100,1,lgb_sklearn,512,32,8.783392211914062,0.20938327026367176,8.531490478515625,9.428678100585937,4436.5225,5047.923849999999,5921.97476
synthetic_f100_t100_th1,features,synthetic,100,100,1,xgb_inplace,128,147,8.215529283588436,0.2120883025085032,8.076837797619048,8.65674255952381,1029.935,1148.9631999999995,2087.0410799999986
synthetic_f100_t100_th1,features,synthetic,100,100,1,xgb_sklearn,16384,5,2.4810085205078125,1.2971243957519532,2.4369791992187504,4.68390576171875,40120.916,79301.3361,82737.16358000001
synthetic_f100_t100_th1,features,synthetic,100,100,1,lgb_booster,512,34,8.538228170955882,0.16033197380514963,8.422700137867647,9.154318014705883,4328.437,4828.90315,5552.151779999999
synthetic_f100_t100_th1,features,synthetic,100,100,1,xgb_inplace,32,367,13.025898841961853,0.4774581062670311,12.807421321525887,14.660040190735696,407.821,571.3233999999998,665.3833199999998
synthetic_f100_t100_th1,features,synthetic,100,100,1,xgb_inplace,16,395,23.647319303797467,0.6365144778481024,23.025432120253164,25.96757768987342,363.249,448.11940000000004,597.9554400000022
synthetic_f100_t100_th1,features,synthetic,100,100,1,cat_sklearn,2,269,276.12623605947954,12.963679368029716,270.4336728624535,306.7314814126394,550.786,626.3524,910.6944400000009
synthetic_f100_t100_th1,features,synthetic,100,100,1,xgb_sklearn,512,86,3.4819078170421514,0.25853072765261587,3.3992539970930236,5.970634992732558,1762.3755,3127.18925,4211.02885
synthetic_f100_t100_th1,features,synthetic,100,100,1,cat_sklearn,512,65,3.838824338942308,0.48406616586538487,3.178332421875,4.587459104567308,1682.049,3406.644799999999,4143.22616
synthetic_f100_t100_th1,features,synthetic,100,100,1,xgb_onnx,4096,5,8.121407080078125,0.23735224609375027,7.801958593749999,8.671134375,32890.828,36884.068999999996,39373.65352
synthetic_f100_t100_th1,features,synthetic,100,100,1,cat_onnx,64,245,9.754846364795918,3.2865218112244916,6.638180612244898,10.939113329081632,601.354,681.7792999999999,1344.829499999998
synthetic_f100_t100_th1,features,synthetic,100,100,1,xgb_sklearn,8,305,60.93728442622951,1.2609567622950806,60.00473360655737,64.62474508196722,473.894,559.5921,732.3815600000004
synthetic_f100_t100_th1,features,synthetic,100,100,1,lgb_booster,256,65,8.673860997596153,0.17153458533653776,8.5388734375,9.233155528846153,2194.448,2457.331499999998,3064.0219600000028
synthetic_f100_t100_th1,features,synthetic,100,100,1,lgb_sklearn,2,202,357.57421287128716,16.81897153465343,346.30538613861387,388.1867301980198,692.5319999999999,986.7579499999995,1049.80575
synthetic_f100_t100_th1,features,synthetic,100,100,1,xgb_sklearn,1024,47,3.094185588430851,0.1121626496010637,2.9013914353390957,3.4678542428523937,3080.3,3935.9118,5390.71968
synthetic_f100_t100_th1,features,synthetic,100,100,1,lgb_onnx,32,680,7.072523943014706,2.123152136948531,6.796184007352941,9.899184788602941,221.029,326.65364999999997,355.29272
synthetic_f100_t100_th1,features,synthetic,100,100,1,xgb_dmatrix,256,70,8.84111953125,0.7057533482142855,8.34620931919643,10.534823604910715,2161.2929999999997,3337.896649999999,4951.493269999988
synthetic_f100_t100_th1,features,synthetic,100,100,1,cat_sklearn,4096,12,3.1004554239908853,0.4277050781249998,2.857356587727865,3.506166707356771,12999.561000000002,16417.9215,17021.24063
synthetic_f100_t100_th1,features,synthetic,100,100,1,lgb_booster,1024,13,8.515381460336538,0.37105209585336496,8.349077298677885,10.596201622596155,8631.907,10890.7038,11070.0766
synthetic_f100_t100_th1,features,synthetic,100,100,1,cat_onnx,4,3000,10.43082925,0.9570863749999994,10.291038833333333,12.085599416666666,40.433499999999995,59.824149999999996,75.10401
synthetic_f100_t100_th1,features,synthetic,100,100,1,lgb_booster,16,815,11.69002208588957,0.4819846625766875,11.37633972392638,12.678056365030674,181.468,233.61819999999992,300.13804000000005
synthetic_f100_t100_th1,features,synthetic,100,100,1,lgb_booster,1,3000,53.666692000000005,3.8744358333333366,51.48180133333334,57.81272433333333,48.809,78.22919999999998,105.89411999999999
synthetic_f100_t100_th1,features,synthetic,100,100,1,xgb_inplace,8,360,45.597757986111105,1.246398263888885,44.03155243055556,49.14502847222222,346.164,469.1769999999999,592.1486199999973
synthetic_f100_t100_th1,features,synthetic,100,100,1,xgb_sklearn,4,322,118.36355822981366,5.745000776397518,115.00319099378882,129.59694642857144,460.15999999999997,557.5207999999999,717.5478900000002
synthetic_f100_t100_th1,features,synthetic,100,100,1,cat_sklearn,1,188,676.1204308510638,74.43802925531918,582.2872872340425,782.9048191489362,649.0205000000001,807.0841,1500.8899599999957
synthetic_f100_t100_th1,features,synthetic,100,100,1,cat_sklearn,8,247,97.93893775303644,11.94697115384615,76.45990334008097,108.65509008097166,604.486,1819.8091999999992,2463.4803200000024
synthetic_f100_t100_th1,features,synthetic,100,100,1,cat_onnx,256,60,9.461801106770833,0.08430452473958283,9.352754557291666,9.961698307291666,2393.666,2702.4879499999997,3693.6634999999997
synthetic_f100_t100_th1,features,synthetic,100,100,1,cat_onnx,16384,5,6.504054113769531,0.11296308593749949,6.372834777832031,6.549755932617187,104966.692,114253.59,116342.16176
synthetic_f100_t100_th1,features,synthetic,100,100,1,cat_onnx,1,3000,17.933009666666663,0.5358776666666643,17.708983333333332,24.41799233333333,17.355,26.471199999999996,32.97885999999986
synthetic_f100_t100_th1,features,synthetic,100,100,1,xgb_onnx,64,405,5.857519560185185,0.05109807098765362,5.794636728395062,6.412578279320988,370.972,419.78310000000005,543.03204
synthetic_f100_t100_th1,features,synthetic,100,100,1,cat_sklearn,32,232,20.856108566810345,5.499679822198278,17.94527707435345,27.66293682650862,608.1105,1414.0242999999998,2132.157999999997
synthetic_f100_t100_th1,features,synthetic,100,100,1,lgb_booster,32,360,12.771010243055557,0.8248409288194445,12.531098697916667,15.51711015625,402.7375,469.4663,716.9896299999903
synthetic_f100_t100_th1,features,synthetic,100,100,1,lgb_onnx,128,137,8.616010378649635,0.19361097171533004,8.414203125,9.165795221259124,1091.477,1163.7274,2096.87414000001
synthetic_f100_t100_th1,features,synthetic,100,100,1,lgb_onnx,16,1124,7.7426624777580075,0.27786968972419857,7.587323954626335,8.47112472197509,120.38,162.53779999999998,190.09489999999923
synthetic_f100_t100_th1,features,synthetic,100,100,1,xgb_onnx,32,788,6.199334747779187,0.136908371668782,6.079017647525381,6.798529029187817,195.39600000000002,228.815,298.29062
synthetic_f100_t100_th1,features,synthetic,100,100,1,xgb_dmatrix,32,282,16.991850066489363,0.38581909352836874,16.757626218971634,18.647921764184396,527.225,626.1718999999999,919.8206599999975
synthetic_f100_t100_th1,features,synthetic,100,100,1,lgb_onnx,256,74,6.164985958614865,0.3620995301942562,6.051862806165541,7.801719805743243,1552.4655,2131.3963,2960.6181
synthetic_f100_t100_th1,features,synthetic,100,100,1,xgb_dmatrix,4,351,110.89914316239316,3.271382478632461,106.8922670940171,125.48366025641025,428.751,554.907,757.3062000000019
synthetic_f100_t100_th1,features,synthetic,100,100,1,xgb_sklearn,128,193,6.7524783840673575,3.1482435233160633,6.14156557642487,9.681405238018135,835.468,1294.7687999999996,1851.6831600000216
synthetic_f100_t100_th1,features,synthetic,100,100,1,lgb_sklearn,128,59,18.258885063559323,0.5334432600635637,17.588770524364406,19.704190413135596,2291.233,2647.6312,3512.594839999999
synthetic_f100_t100_th1,features,synthetic,100,100,1,xgb_dmatrix,512,38,7.711533768503289,0.4942876747532905,7.434389597039473,8.655077456825659,3880.8235,5016.86735,6856.92632
synthetic_f100_t100_th1,features,synthetic,100,100,1,xgb_inplace,64,190,7.993231003289474,0.7896674753289483,7.643222368421053,11.702616529605262,490.0825,776.6724499999999,1054.7090400000259
synthetic_f100_t100_th1,features,synthetic,100,100,1,xgb_onnx,1024,25,5.701688750000001,0.0826436718750001,5.65061046875,6.03692828125,5798.25,6269.9592,7662.126459999998
synthetic_f100_t100_th1,features,synthetic,100,100,1,lgb_booster,16384,5,8.398742236328125,0.780846270751951,8.261720520019532,10.07159520263672,137620.409,167629.0571,172772.71572
synthetic_f100_t100_th1,features,synthetic,100,100,1,xgb_onnx,4,3000,14.0393665,1.2818072916666665,12.913185666666667,15.511335083333334,53.701499999999996,68.22814999999999,84.05015999999998
synthetic_f100_t100_th1,features,synthetic,100,100,1,xgb_onnx,1,3000,27.039922999999998,13.109060500000002,16.479621333333334,37.58932033333333,27.461,35.45635,56.61710999999998
synthetic_f100_t100_th1,features,synthetic,100,100,1,xgb_inplace,1024,52,2.8615220853365386,0.05599174616886993,2.7569901216947112,3.1209959810697114,2851.3635,3505.7855999999974,5132.766389999999
synthetic_f100_t100_th1,features,synthetic,100,100,1,xgb_dmatrix,128,171,7.005480857090643,0.08774963450292361,6.839987298976608,7.558217013888889,875.791,974.922,1420.8316000000002
synthetic_f100_t100_th1,features,synthetic,100,100,1,cat_sklearn,64,211,10.240328569312796,0.3430978969194314,9.980375962677725,10.778923059834124,651.291,717.09,887.3974000000011
synthetic_f100_t100_th1,features,synthetic,100,100,1,cat_sklearn,16384,6,1.4185836791992188,0.05964328511555972,1.3717225036621095,1.5660594685872395,22647.681,29753.372000000003,33741.877299999986
synthetic_f100_t100_th1,features,synthetic,100,100,1,xgb_onnx,16,1361,6.82992174871418,0.12251862141807557,6.760625872520206,7.257719691403381,106.403,127.3015,160.49609999999996
synthetic_f100_t100_th1,features,synthetic,100,100,1,lgb_onnx,1,3000,19.494163,0.7774760000000036,19.304605333333335,24.392175333333334,19.047,28.190449999999995,33.488169999999975
synthetic_f100_t100_th1,features,synthetic,100,100,1,lgb_booster,4096,5,10.103679003906251,0.28648107910156106,9.59886767578125,10.522598681640625,41243.139,44071.649,47056.02038
synthetic_f100_t100_th1,features,synthetic,100,100,1,cat_sklearn,128,175,8.459018482142858,1.5896145312499996,6.433867589285715,9.388713080357144,851.539,2039.1707999999999,2908.04924
synthetic_f100_t100_th1,features,synthetic,100,100,1,lgb_onnx,1024,24,6.073808959960937,0.2812622273763017,5.975974202473958,6.591492635091146,6153.425499999999,7744.088349999999,8438.22184
synthetic_f100_t100_th1,features,synthetic,100,100,1,lgb_sklearn,16,178,52.69661657303371,1.4067343749999992,51.4296018258427,58.174446629213485,825.219,1073.5274499999978,1253.8175899999999
synthetic_f100_t100_th1,features,synthetic,100,100,1,xgb_inplace,4,435,89.58834252873564,2.9071123563218464,84.02848505747126,105.01096666666666,336.984,514.4134,871.0104799999965
synthetic_f100_t100_th1,features,synthetic,100,100,1,lgb_booster,64,253,9.426719552865611,0.30077834733201314,9.281427865612647,10.237073184288539,592.91,767.6598000000004,850.2766599999999
synthetic_f100_t100_th1,features,synthetic,100,100,1,lgb_onnx,64,372,6.4417812920026885,0.20374924395161287,6.3250249495967745,6.844058467741935,403.4825,515.12215,606.07645
synthetic_f100_t100_th1,features,synthetic,100,100,1,xgb_sklearn,16,302,31.991650662251658,10.530993791390728,31.210024834437085,44.548691432119206,506.9545,740.4963,1331.70612
synthetic_f100_t100_th1,features,synthetic,100,100,1,xgb_dmatrix,16,222,41.65919791666666,1.693098676801803,40.716669200450454,46.529086711711706,648.048,739.6619000000001,1720.0088000000005
synthetic_f100_t100_th1,features,synthetic,100,100,1,xgb_onnx,512,35,8.259756919642857,0.5276545479910713,7.889163783482143,9.706003236607144,4171.167,5613.705399999997,7445.1319999999905
synthetic_f100_t100_th1,features,synthetic,100,100,1,lgb_sklearn,4,135,180.00007407407406,14.941299074074095,174.9248388888889,277.44306851851854,710.629,1073.1118000000001,1374.299240000001
synthetic_f100_t100_th1,features,synthetic,100,100,1,xgb_onnx,256,102,5.783875995710784,0.1398345396752454,5.671521446078431,6.136701363357844,1459.877,1611.4177000000002,1998.8490999999997
synthetic_f100_t100_th1,features,synthetic,100,100,1,lgb_booster,2,2822,30.182416017009214,3.1336352763997155,29.696340715804396,35.92768781006379,57.608,86.1356499999998,121.52907
synthetic_f100_t100_th1,features,synthetic,100,100,1,lgb_sklearn,256,50,11.225651171875,0.20803843750000084,11.052129296875,11.847771171875,2846.7355,3163.519249999997,3729.5134700000003
synthetic_f100_t100_th1,features,synthetic,100,100,1,xgb_onnx,2,3000,13.0871775,2.1668811666666663,12.375755333333332,15.102090500000001,24.684,35.871050000000004,44.404159999999976
synthetic_f100_t100_th1,features,synthetic,100,100,1,xgb_dmatrix,64,226,10.440944828539823,0.4008857162610635,10.127126244469027,11.473958241150441,649.421,789.24275,1053.9092
synthetic_f100_t100_th1,features,synthetic,100,100,1,xgb_inplace,1,585,262.0304017094017,93.82905384615378,247.62115726495728,423.9026136752137,267.899,440.8302999999999,944.0689799999798
synthetic_f100_t100_th1,features,synthetic,100,100,1,xgb_onnx,8,793,11.24881525851198,0.47151828499369586,10.847223360655738,11.989282471626733,85.686,100.26899999999998,129.81732000000005
synthetic_f100_t100_th1,features,synthetic,100,100,1,cat_onnx,16,867,11.147775879469435,0.8201097534602084,10.700793252595156,13.875789648212226,174.333,208.68019999999996,266.2313999999992
synthetic_f100_t100_th1,features,synthetic,100,100,1,lgb_sklearn,32,104,42.768046875,9.328517578125002,30.17659224759615,46.501500300480764,1340.994,1514.4287499999994,2593.524569999998
synthetic_f100_t100_th1,features,synthetic,100,100,1,xgb_sklearn,2,332,247.69323343373495,8.907457831325303,236.66255722891566,253.19101656626506,468.24300000000005,643.1756999999999,834.6561499999821
synthetic_f100_t100_th1,features,synthetic,100,100,1,xgb_sklearn,32,265,16.99165966981132,0.5387242334905693,16.65801886792453,19.354996933962266,530.204,652.9680999999994,1013.0117000000147
synthetic_f100_t100_th1,features,synthetic,100,100,1,cat_onnx,1024,22,6.596195978338068,0.09075563742897685,6.468711070667614,7.009480158025568,6682.0665,7367.40595,9389.31626
synthetic_f100_t100_th1,features,synthetic,100,100,1,cat_onnx,4096,5,6.586251171875,0.13797275390624986,6.488572998046875,7.053810498046875,26759.317,28847.365799999996,35027.11056
synthetic_f100_t100_th1,features,synthetic,100,100,1,cat_sklearn,256,149,5.006857146602349,1.6945824507130878,3.584205510696309,5.827532954068792,1010.233,2289.8181,3086.1400399999975
synthetic_f100_t100_th1,features,synthetic,100,100,1,cat_sklearn,1024,30,3.9350988606770834,1.1833022135416655,2.9862192708333333,4.596855436197917,3815.5505,5999.094050000001,7341.692269999996
synthetic_f100_t100_th1,features,synthetic,100,100,1,lgb_booster,4,1535,29.345514657980456,2.920421986970684,27.17554348534202,34.94218175895765,110.78,148.3176,196.13743999999997
synthetic_f100_t100_th1,features,synthetic,100,100,1,lgb_sklearn,1024,11,9.23216202059659,0.17676029829545392,9.13541202059659,11.795881480823864,9436.259,12094.05,12665.1348
synthetic_f100_t100_th1,features,synthetic,100,100,1,cat_sklearn,16,243,35.20557407407407,0.9222076903292233,34.546190072016465,38.8546646090535,559.131,623.0824,1096.4663200000061
synthetic_f100_t100_th1,features,synthetic,100,100,1,lgb_onnx,4096,6,6.010059041341146,0.05438667805989539,5.939199178059895,6.497996541341146,24500.040500000003,26101.962750000002,28674.728099999986
synthetic_f100_t100_th1,features,synthetic,100,100,1,lgb_onnx,4,3000,11.022032916666667,0.5044197083333319,10.749127666666666,12.190449500000001,42.258,59.11109999999999,71.93001000000001
synthetic_f100_t100_th1,features,synthetic,100,100,1,lgb_sklearn,1,216,696.0928888888889,17.45965046296294,682.3433425925925,755.7268981481482,680.759,904.002,1044.4902499999998
synthetic_f100_t100_th1,features,synthetic,100,100,1,xgb_dmatrix,16384,5,5.319141320800782,2.615136810302735,3.538724499511719,6.34936279296875,99207.874,104851.2417,109519.85432000001
synthetic_f100_t100_th1,features,synthetic,100,100,1,xgb_sklearn,4096,7,4.846789690290178,0.15497164481026715,4.313795968191965,5.328835414341518,19678.335,22654.2188,27451.528319999998
synthetic_f100_t100_th1,features,synthetic,100,100,1,xgb_sklearn,64,251,9.75623923057769,0.4433905938745024,9.540211777888446,10.653433329183267,604.828,734.979,961.3942000000001
synthetic_f100_t100_th1,features,synthetic,100,100,1,lgb_onnx,16384,5,6.003928869628906,0.11566874999999932,5.965900427246093,6.1329533447265625,97725.097,106607.41249999999,107155.20752
synthetic_f100_t100_th1,features,synthetic,100,100,1,cat_onnx,32,692,7.176500903179191,0.4240542133309235,7.02016112716763,9.9583262283237,223.7815,343.65175,375.0590600000008
synthetic_f100_t100_th1,features,synthetic,100,100,1,xgb_inplace,4096,7,4.727331787109375,0.16065349469865975,4.512950230189732,5.123310581752232,19301.28,22735.291400000002,25493.071999999986
synthetic_f100_t100_th1,features,synthetic,100,100,1,cat_onnx,512,27,9.460872685185183,0.18944129774305551,9.155216724537036,10.282921006944445,4798.211,5544.7028,6063.999240000001
synthetic_f100_t100_th1,features,synthetic,100,100,1,lgb_onnx,512,31,8.372143901209679,1.481769751764114,6.030067855342741,8.686531186995968,4189.345,4804.316,6194.550400000004
synthetic_f100_t100_th1,features,synthetic,100,100,1,cat_sklearn,4,241,137.0393132780083,6.99346213692948,134.9848848547718,150.46062863070537,552.241,614.7850000000001,930.976
synthetic_f100_t100_th1,features,synthetic,100,100,1,cat_onnx,128,177,6.6468776924435025,0.16446151129943498,6.491158633474576,7.0282601959745765,831.019,957.7813999999989,1211.87156
synthetic_f100_t100_th1,features,synthetic,100,100,1,lgb_sklearn,4096,5,8.49100390625,0.104765942382814,8.4773873046875,8.917991845703126,34785.861,36522.401699999995,40342.197920000006
synthetic_f100_t100_th1,features,synthetic,100,100,1,xgb_inplace,256,134,3.9013529617537315,0.11634995918843272,3.8083498717350746,4.4757172632929105,980.3635,1171.1697499999987,1808.235419999999
synthetic_f100_t100_th1,features,synthetic,100,100,1,lgb_booster,128,130,10.517436057692308,2.142249248798077,8.800152584134615,11.91691766826923,1345.5774999999999,1591.0032999999999,2583.998180000002
synthetic_f100_t100_th1,features,synthetic,100,100,1,lgb_onnx,8,777,12.430694980694982,0.6267754182754199,11.993292149292149,13.488692567567568,96.862,115.43629999999999,143.91249999999982
synthetic_f100_t100_th1,features,synthetic,100,100,1,lgb_sklearn,8,141,138.64551063829788,6.496253546099297,132.07432092198582,145.01949379432622,1070.6,1251.3705,2212.6705
synthetic_f100_t100_th1,features,synthetic,100,100,1,xgb_dmatrix,4096,5,3.870731201171875,2.76358486328125,3.6398201171875,7.84806669921875,15805.375,30725.614999999994,37671.79804
synthetic_f100_t100_th1,features,synthetic,100,100,1,xgb_onnx,16384,5,5.657124108886719,0.1360177612304696,5.6182814331054685,5.950829956054688,92172.877,102726.0994,110030.72580000001
synthetic_f100_t100_th1,features,synthetic,100,100,1,xgb_dmatrix,1,436,351.67209862385323,8.393636467889905,343.64931192660555,374.72801146788987,334.58950000000004,480.78025,594.3880500000004
synthetic_f100_t100_th1,features,synthetic,100,100,1,lgb_sklearn,64,120,19.505552213541666,0.5899081380208351,19.169764973958333,25.840596354166667,1229.063,1703.3770499999998,1889.5593999999992
synthetic_f100_t100_th1,features,synthetic,100,100,1,xgb_sklearn,256,74,7.107929265202703,0.09374007601351231,6.912520850929054,7.501326435810811,1771.0255,2065.04275,3063.4877500000002
synthetic_f100_t100_th1,features,synthetic,100,100,1,lgb_onnx,2,3000,20.812884333333333,1.1500124166666659,19.8649855,24.244890333333334,39.307,50.961149999999996,63.60731999999995
synthetic_f100_t100_th1,features,synthetic,100,100,1,xgb_onnx,128,141,8.303789949024821,0.26234743461879617,5.803274822695036,8.709205784574468,1038.149,1140.5725,2131.5845
synthetic_f100_t100_th1,features,synthetic,100,100,1,lgb_sklearn,16384,5,8.394375463867187,0.06313215332031064,8.312647644042968,8.468238000488281,136751.707,142925.26150000002,145344.51452
synthetic_f100_t100_th1,features,synthetic,100,100,1,xgb_inplace,512,93,5.34833182123656,2.3113423744119626,3.1329259282594086,5.770659862231183,2706.248,3049.3703,3844.0511999999994
synthetic_f100_t100_th1,features,synthetic,100,100,1,xgb_dmatrix,2,242,308.09421487603305,23.864261363636388,284.9045144628099,341.2950847107438,592.373,681.89285,1640.4941299999973
synthetic_f100_t100_th1,features,synthetic,100,100,1,xgb_inplace,16384,5,2.4288777465820313,0.2511538391113284,2.3948964111328124,4.604109509277344,39530.16,75719.8409,76843.85108000001
synthetic_f100_t100_th1,features,synthetic,100,100,1,cat_onnx,2,3000,13.639266666666666,0.890460749999999,13.371023166666665,15.685934166666666,26.218,37.44605,45.595079999999825
synthetic_f100_t100_th1,features,synthetic,100,100,1,lgb_booster,8,1186,14.255555122259697,0.44063738406407893,13.894658832209107,16.59737426222597,108.5575,155.0605,199.25984999999997
synthetic_f100_t100_th1,features,synthetic,100,100,1,xgb_dmatrix,8,332,56.80636069277109,1.4450574171686696,56.30698305722891,61.84658094879518,441.071,554.9587499999998,701.8960799999996
synthetic_f100_t100_th1,features,synthetic,100,100,1,cat_onnx,8,1803,8.739015460343872,0.4235655851358846,8.507605033277871,9.981897115917915,66.929,97.10779999999997,115.64028000000002
synthetic_f100_t100_th1,features,synthetic,100,100,1,xgb_dmatrix,1024,37,6.820163851351352,1.2654427787162152,4.020846547719595,7.278558884079391,6984.551,8010.767499999999,9275.18796
synthetic_f100_t100_th1,features,synthetic,100,100,1,xgb_sklearn,1,290,566.3352103448276,34.7515913793103,523.2122206896552,769.4827275862069,532.671,671.2064999999999,1806.6355800000003
synthetic_f100_t100_th1,features,synthetic,100,100,1,xgb_inplace,2,304,176.36224342105265,46.21805592105267,168.13777960526315,267.5229391447369,340.4955,527.2385,1186.4660300000005
synthetic_f100_t100_th1,features,synthetic,100,100,1,lgb_sklearn,512,29,9.936834590517241,0.2047158203125008,9.732038995150862,10.249179552801724,5032.477,5469.3757,6503.14334
online_shoppers_f17_t100_th2,threads,online_shoppers,17,100,2,xgb_inplace,128,68,4.772456686580882,0.2805287798713234,4.656464269301471,6.5392935431985295,599.1655000000001,929.49195,994.2330599999998
online_shoppers_f17_t100_th2,threads,online_shoppers,17,100,2,xgb_sklearn,16384,5,2.048297790527344,0.030055133056640315,2.0046472412109373,2.3227473388671873,33228.359,37569.01579999999,46884.20530000001
online_shoppers_f17_t100_th2,threads,online_shoppers,17,100,2,lgb_booster,512,48,6.081680379231771,0.297224751790365,6.022234741210937,7.1684520670572915,3099.117,4030.32765,5108.343670000007
online_shoppers_f17_t100_th2,threads,online_shoppers,17,100,2,xgb_inplace,32,365,13.476445462328767,0.6720068493150677,12.478584760273971,19.232472602739726,403.622,618.0015999999999,1233.654400000001
online_shoppers_f17_t100_th2,threads,online_shoppers,17,100,2,xgb_inplace,16,284,33.307598591549294,2.607100352112674,30.941634242957747,36.741090669014085,510.12,579.90975,1586.27517
online_shoppers_f17_t100_th2,threads,online_shoppers,17,100,2,cat_sklearn,2,275,257.3238927272727,35.15490090909091,231.59831818181817,304.2633,452.944,1069.6753999999992,1998.9589199999987
online_shoppers_f17_t100_th2,threads,online_shoppers,17,100,2,xgb_sklearn,512,30,5.1573677734375,0.2189879231770835,5.003583658854167,5.370492708333333,2591.26,3152.9234000000006,4345.499949999999
online_shoppers_f17_t100_th2,threads,online_shoppers,17,100,2,cat_sklearn,512,161,1.4155576839091617,0.12547890382375781,1.3944834408967393,2.164692473796584,730.546,1265.4935,2239.6890999999987
online_shoppers_f17_t100_th2,threads,online_shoppers,17,100,2,xgb_onnx,4096,10,3.6007796874999998,0.13951274414062498,3.5845023681640624,4.35003125,14701.9985,18349.429899999996,27603.78014
online_shoppers_f17_t100_th2,threads,online_shoppers,17,100,2,cat_onnx,64,344,5.112260719476744,0.9295561409883728,4.741039425872093,6.484909384084302,306.832,377.9278499999999,1207.4011000000075
online_shoppers_f17_t100_th2,threads,online_shoppers,17,100,2,xgb_sklearn,8,230,61.547497282608695,4.644367119565217,59.606379347826085,70.588125,483.323,603.1417499999999,1074.3663200000003
online_shoppers_f17_t100_th2,threads,online_shoppers,17,100,2,lgb_booster,256,93,6.300816154233871,0.22939988659274224,6.165130250336021,6.623290868615592,1586.119,1914.9486,2173.46312
online_shoppers_f17_t100_th2,threads,online_shoppers,17,100,2,lgb_sklearn,2,187,403.6292299465241,14.550613636363664,393.7392780748663,487.38217379679145,790.081,854.9608,1476.5816800000007
online_shoppers_f17_t100_th2,threads,online_shoppers,17,100,2,xgb_sklearn,1024,57,3.930134268777412,1.860293208607457,2.520201942845395,5.084564041940789,4377.453,5175.025699999997,7284.091100000002
online_shoppers_f17_t100_th2,threads,online_shoppers,17,100,2,lgb_onnx,32,598,7.910351902173913,0.25455489653010144,7.528160535117056,8.289554138795987,248.0245,276.61884999999995,329.9562799999996
online_shoppers_f17_t100_th2,threads,online_shoppers,17,100,2,xgb_dmatrix,256,139,4.169344340152877,0.2635783638714031,3.978428619604317,4.356329839253597,1025.065,1230.7406,1803.0052000000003
online_shoppers_f17_t100_th2,threads,online_shoppers,17,100,2,cat_sklearn,4096,65,0.5501823805588942,0.04423586801382218,0.5022402118389423,0.6656974233774039,2041.402,2718.9989,3651.220860000002
online_shoppers_f17_t100_th2,threads,online_shoppers,17,100,2,lgb_booster,1024,24,6.0378554280598955,0.07411047363281309,5.986744099934896,6.379072672526042,6142.903,6775.454,7829.94049
online_shoppers_f17_t100_th2,threads,online_shoppers,17,100,2,cat_onnx,4,3000,8.584084166666667,0.2950142916666678,8.524659833333333,12.492882999999999,33.849,50.588149999999985,80.57555999999991
online_shoppers_f17_t100_th2,threads,online_shoppers,17,100,2,lgb_booster,16,911,9.022545279912185,0.5352326083973669,8.871568194291987,10.909895787596048,140.31,217.153,260.7631999999999
online_shoppers_f17_t100_th2,threads,online_shoppers,17,100,2,lgb_booster,1,3000,49.59525266666667,1.3984211666666653,48.28016266666666,55.064436666666666,45.938,64.70244999999998,98.6875599999999
online_shoppers_f17_t100_th2,threads,online_shoppers,17,100,2,xgb_inplace,8,403,64.64980055831266,7.197326302729529,50.731937655086845,125.95541749379653,483.764,566.8171999999998,1531.9464800000017
online_shoppers_f17_t100_th2,threads,online_shoppers,17,100,2,xgb_sklearn,4,231,160.12984956709957,13.167148268398279,152.93361255411256,174.06588203463204,618.051,711.191,1671.9433999999992
online_shoppers_f17_t100_th2,threads,online_shoppers,17,100,2,cat_sklearn,1,375,339.0405866666667,36.55169866666665,329.266344,426.0274186666667,334.706,431.4772,536.4856799999974
online_shoppers_f17_t100_th2,threads,online_shoppers,17,100,2,cat_sklearn,8,317,55.942174684542586,1.6406944006309132,55.291722003154575,62.25183438485804,448.624,496.9065999999999,572.32866
online_shoppers_f17_t100_th2,threads,online_shoppers,17,100,2,cat_onnx,256,125,4.5807976875000005,0.19880003125000023,4.51940421875,5.47827753125,1152.203,1285.7161999999996,3144.5026399999997
online_shoppers_f17_t100_th2,threads,online_shoppers,17,100,2,cat_onnx,16384,5,4.629409313964844,0.26988966064453024,4.50185283203125,4.876316552734376,73660.669,96129.65899999997,104595.75444
online_shoppers_f17_t100_th2,threads,online_shoppers,17,100,2,cat_onnx,1,3000,20.196309,3.526827166666667,18.856171,32.900345,18.496,27.833049999999997,47.31403999999999
online_shoppers_f17_t100_th2,threads,online_shoppers,17,100,2,xgb_onnx,64,350,12.700006205357143,4.239902254464285,7.560165267857142,14.473270580357143,454.4235,2488.8903499999997,4257.0922199999995
online_shoppers_f17_t100_th2,threads,online_shoppers,17,100,2,cat_sklearn,32,114,20.295868969298244,4.726716145833333,15.507666666666665,24.090449835526318,493.8375,1609.0911499999993,2282.8556900000003
online_shoppers_f17_t100_th2,threads,online_shoppers,17,100,2,lgb_booster,32,581,8.988532164371772,3.2031560886402772,7.674256615748709,12.886190996127366,300.43,399.6005,539.9837000000086
online_shoppers_f17_t100_th2,threads,online_shoppers,17,100,2,lgb_onnx,128,283,4.091880797261484,0.10504668175795118,4.010513333701414,4.811302589443463,512.338,559.4803999999999,909.5344400000013
online_shoppers_f17_t100_th2,threads,online_shoppers,17,100,2,lgb_onnx,16,1276,6.00768671630094,0.49978039282915265,5.8540485893416925,7.066975656347962,94.9305,132.75475,160.43865
online_shoppers_f17_t100_th2,threads,online_shoppers,17,100,2,xgb_onnx,32,965,4.922474319948186,0.0832466806994816,4.879950615284974,5.269025647668394,154.826,183.47119999999993,239.44492000000005
online_shoppers_f17_t100_th2,threads,online_shoppers,17,100,2,xgb_dmatrix,32,311,15.637202270900321,0.4263025522508048,15.178809887459808,17.275287982315113,486.249,600.409,839.9828000000044
online_shoppers_f17_t100_th2,threads,online_shoppers,17,100,2,lgb_onnx,256,145,4.225937042025862,6.121207260237068,3.9283723868534484,13.645960560344827,1026.512,3937.4631999999997,5048.072279999999
online_shoppers_f17_t100_th2,threads,online_shoppers,17,100,2,xgb_dmatrix,4,119,149.11368277310925,6.8136134453781665,142.8355630252101,178.1857268907563,574.62,676.8945999999997,1673.1436800000004
online_shoppers_f17_t100_th2,threads,online_shoppers,17,100,2,xgb_sklearn,128,138,9.00000294384058,0.39800891644021874,8.549002264492755,9.3404609375,1105.4454999999998,1297.1002499999997,2230.35569
online_shoppers_f17_t100_th2,threads,online_shoppers,17,100,2,lgb_sklearn,128,54,10.369303530092592,1.134550491898148,10.11072554976852,24.761279079861108,1308.232,3319.91345,4948.694420000004
online_shoppers_f17_t100_th2,threads,online_shoppers,17,100,2,xgb_dmatrix,512,92,3.2623219047214675,0.18637989342730954,3.0962879161005437,3.571852390455163,1609.4740000000002,2098.007599999999,2696.4038100000002
online_shoppers_f17_t100_th2,threads,online_shoppers,17,100,2,xgb_inplace,64,282,7.284065879875887,0.36600639960106296,7.154396054964539,8.215772994237588,452.6735,668.5476999999997,798.4705299999977
online_shoppers_f17_t100_th2,threads,online_shoppers,17,100,2,xgb_onnx,1024,39,3.701645107171474,0.4549501452323712,3.589568559695513,4.517391576522436,3680.027,6163.3944,9162.936239999997
online_shoppers_f17_t100_th2,threads,online_shoppers,17,100,2,lgb_booster,16384,5,6.006646557617188,1.5461540893554684,5.860725024414062,7.689372741699219,100284.121,128812.4763,132167.74146
online_shoppers_f17_t100_th2,threads,online_shoppers,17,100,2,xgb_onnx,4,987,13.24955116514691,1.0184912613981751,11.878434650455928,14.563018490374875,47.755,63.39939999999999,85.09668000000036
online_shoppers_f17_t100_th2,threads,online_shoppers,17,100,2,xgb_onnx,1,3000,34.595314,10.444445166666675,25.096972,50.805095666666666,19.8035,31.346049999999998,119.83577999999427
online_shoppers_f17_t100_th2,threads,online_shoppers,17,100,2,xgb_inplace,1024,22,2.4159543678977276,0.1254481312144886,2.3458589311079545,3.713359952059659,2440.3469999999998,4392.940149999999,4502.69143
online_shoppers_f17_t100_th2,threads,online_shoppers,17,100,2,xgb_dmatrix,128,206,5.734489229368932,0.16212388121966015,5.598800402002428,6.317047785194175,717.8225,824.685,1206.1628999999973
online_shoppers_f17_t100_th2,threads,online_shoppers,17,100,2,cat_sklearn,64,286,7.400518629807692,0.6685642755681824,7.127652207167832,8.088658107517483,469.41700000000003,534.11375,955.2830500000119
online_shoppers_f17_t100_th2,threads,online_shoppers,17,100,2,cat_sklearn,16384,21,0.44589826602027527,0.01158385213216151,0.44077296665736604,0.5273857014973958,7290.385,9106.667000000001,11877.5577
online_shoppers_f17_t100_th2,threads,online_shoppers,17,100,2,xgb_onnx,16,1347,5.5734915089086865,0.19340344283593236,5.424794450631032,6.027398663697105,86.655,110.05499999999984,138.68544
online_shoppers_f17_t100_th2,threads,online_shoppers,17,100,2,lgb_onnx,1,3000,23.244904666666667,5.012964666666665,21.35926033333333,29.574971,20.985,29.801049999999996,40.068
online_shoppers_f17_t100_th2,threads,online_shoppers,17,100,2,lgb_booster,4096,6,5.953820149739583,0.045556111653645814,5.90377469889323,6.40218359375,24308.410499999998,26631.451999999997,30102.56225
online_shoppers_f17_t100_th2,threads,online_shoppers,17,100,2,cat_sklearn,128,328,5.263756002286586,0.649711783060213,4.248625404916159,5.793942811547256,529.434,1469.3379499999996,1966.5328299999996
online_shoppers_f17_t100_th2,threads,online_shoppers,17,100,2,lgb_onnx,1024,11,12.559920632102273,3.3066321910511363,8.193572088068182,13.844419744318182,12279.326,15066.523,15456.287
online_shoppers_f17_t100_th2,threads,online_shoppers,17,100,2,lgb_sklearn,16,90,109.18134444444445,24.01595451388887,54.53195138888889,156.12873472222222,982.222,4205.6548,5303.604450000004
online_shoppers_f17_t100_th2,threads,online_shoppers,17,100,2,xgb_inplace,4,417,86.47637829736212,3.533155275779393,83.91684232613909,93.44783273381294,330.241,471.9181,549.5299800000037
online_shoppers_f17_t100_th2,threads,online_shoppers,17,100,2,lgb_booster,64,328,6.890500238185976,0.2915058593750004,6.758740424923781,8.007440786966464,434.848,575.5464999999997,650.7423599999996
online_shoppers_f17_t100_th2,threads,online_shoppers,17,100,2,lgb_onnx,64,530,4.3258739976415095,0.3520570754716976,4.224196550707547,5.352902653301887,273.4125,309.90205,508.0550000000002
online_shoppers_f17_t100_th2,threads,online_shoppers,17,100,2,xgb_sklearn,16,206,32.13903458737864,2.3072876213592224,30.629661407766992,45.303461165048546,499.1635,728.611,1360.4089
online_shoppers_f17_t100_th2,threads,online_shoppers,17,100,2,xgb_dmatrix,16,336,30.141468191964286,2.93068033854167,28.643490327380952,41.79719977678572,457.79449999999997,687.8077499999999,1204.435350000007
online_shoppers_f17_t100_th2,threads,online_shoppers,17,100,2,xgb_onnx,512,28,12.349298828125,2.615625592912947,7.321515345982143,13.46029038783482,5853.1900000000005,7937.667349999999,10014.115800000001
online_shoppers_f17_t100_th2,threads,online_shoppers,17,100,2,lgb_sklearn,4,37,761.1954189189189,555.7433277027028,397.3387094594595,1066.3328243243243,3007.681,4878.7406999999985,7934.8947199999975
online_shoppers_f17_t100_th2,threads,online_shoppers,17,100,2,xgb_onnx,256,84,7.193050316220239,4.639504673549108,3.684888206845238,12.327437453497023,1042.3465,3961.1620499999995,4998.974319999999
online_shoppers_f17_t100_th2,threads,online_shoppers,17,100,2,lgb_booster,2,2273,28.439581390233172,1.0641209854817433,27.28500791904971,29.957813462384514,52.397,72.96549999999998,105.84353999999996
online_shoppers_f17_t100_th2,threads,online_shoppers,17,100,2,lgb_sklearn,256,77,7.260123224431818,0.5120100953733768,6.979715503246753,8.641206422483767,1810.675,2370.2163999999993,4904.369519999999
online_shoppers_f17_t100_th2,threads,online_shoppers,17,100,2,xgb_onnx,2,3000,10.981433666666666,0.2503416666666656,10.799571166666666,11.420928333333332,21.348,28.28269999999999,34.267219999999966
online_shoppers_f17_t100_th2,threads,online_shoppers,17,100,2,xgb_dmatrix,64,254,8.985459953248032,0.25844721948818794,8.817553026574803,9.783421198326772,557.2239999999999,730.0320999999996,893.6337100000075
online_shoppers_f17_t100_th2,threads,online_shoppers,17,100,2,xgb_inplace,1,593,262.15241315345696,15.564296795952771,251.01651096121418,283.80477065767286,242.603,367.3689999999999,515.1061399999952
online_shoppers_f17_t100_th2,threads,online_shoppers,17,100,2,xgb_onnx,8,3000,6.681550541666667,0.5082116041666671,6.382432916666667,7.167587875000001,52.328,66.87729999999999,83.28226999999995
online_shoppers_f17_t100_th2,threads,online_shoppers,17,100,2,cat_onnx,16,1496,9.568271097927807,2.084196503175133,6.108633397393048,10.062458389037433,146.2095,170.546,207.60160000000008
online_shoppers_f17_t100_th2,threads,online_shoppers,17,100,2,lgb_sklearn,32,37,117.78883952702702,43.73463809121621,54.15149070945946,134.0488876689189,3988.084,5005.2527,8009.00276
online_shoppers_f17_t100_th2,threads,online_shoppers,17,100,2,xgb_sklearn,2,253,327.85844861660075,92.07359090909091,230.94871739130434,351.4961106719368,615.344,724.451,1672.5874599999981
online_shoppers_f17_t100_th2,threads,online_shoppers,17,100,2,xgb_sklearn,32,253,17.24342218379447,1.4385293972332036,16.528354249011855,19.45297233201581,539.004,759.4751000000001,901.054439999996
online_shoppers_f17_t100_th2,threads,online_shoppers,17,100,2,cat_onnx,1024,29,4.676431505926724,0.3076426286368541,4.515313611260776,5.55535967807112,4651.259,6341.771099999999,11396.204
online_shoppers_f17_t100_th2,threads,online_shoppers,17,100,2,cat_onnx,4096,7,4.62143586077009,0.15326869419642897,4.552321079799107,6.0013433314732145,18838.334,22763.326000000012,38205.532999999974
online_shoppers_f17_t100_th2,threads,online_shoppers,17,100,2,cat_sklearn,256,254,2.1775634996309052,0.105835222379429,2.1486370109498028,2.4248286940206696,560.197,621.73905,1077.4236500000059
online_shoppers_f17_t100_th2,threads,online_shoppers,17,100,2,cat_sklearn,1024,138,1.0481976477581523,0.2254674337635869,0.979948581861413,1.5305693217844203,1105.1625,2024.3720999999994,2889.649869999995
online_shoppers_f17_t100_th2,threads,online_shoppers,17,100,2,lgb_booster,4,569,25.202542618629174,2.9629769332161686,24.115956942003514,30.496177943760983,94.15,128.45289999999994,185.04130000000012
online_shoppers_f17_t100_th2,threads,online_shoppers,17,100,2,lgb_sklearn,1024,14,10.708813058035714,0.5455791713169642,9.730661063058037,16.50198095703125,11225.3175,15716.428249999994,24816.08069
online_shoppers_f17_t100_th2,threads,online_shoppers,17,100,2,cat_sklearn,16,172,39.48715007267442,2.8349981831395468,31.92179796511628,46.688541061046514,474.35699999999997,1495.8184499999998,1830.4746399999992
online_shoppers_f17_t100_th2,threads,online_shoppers,17,100,2,lgb_onnx,4096,5,3.8802399414062503,0.7987998046874996,3.8533498046875003,9.723957666015625,15876.049,41154.35959999997,49902.11544
online_shoppers_f17_t100_th2,threads,online_shoppers,17,100,2,lgb_onnx,4,3000,9.124600333333333,0.4798817916666671,8.838156083333333,10.235246083333333,35.046,48.6615,62.171479999999924
online_shoppers_f17_t100_th2,threads,online_shoppers,17,100,2,lgb_sklearn,1,191,790.1129790575916,40.29898167539261,779.8911989528796,962.5977068062828,782.723,871.458,2255.075
online_shoppers_f17_t100_th2,threads,online_shoppers,17,100,2,xgb_dmatrix,16384,5,2.2324878906250003,0.056621569824219176,2.210281335449219,2.5265382446289064,36475.025,41879.724699999984,50545.8138
online_shoppers_f17_t100_th2,threads,online_shoppers,17,100,2,xgb_sklearn,4096,16,2.183060562133789,0.04818251037597632,2.150189544677734,2.4091800994873047,8847.755000000001,10024.72675,14716.89625
online_shoppers_f17_t100_th2,threads,online_shoppers,17,100,2,xgb_sklearn,64,264,9.31577059659091,0.3794375591856074,9.19842862215909,10.354128551136364,583.816,744.6107999999995,1010.8254199999988
online_shoppers_f17_t100_th2,threads,online_shoppers,17,100,2,lgb_onnx,16384,5,4.5379357421875,4.445715124511719,3.8710267822265623,12.15169765625,78364.745,212548.78809999998,219103.21256
online_shoppers_f17_t100_th2,threads,online_shoppers,17,100,2,cat_onnx,32,653,5.6513210183767235,0.12504888495405808,5.420571831929555,6.160962911562022,175.747,225.3303,285.61876000000024
online_shoppers_f17_t100_th2,threads,online_shoppers,17,100,2,xgb_inplace,4096,16,2.1353453369140625,0.10049077606201173,2.123919448852539,2.771915786743164,8725.264,11237.26875,17089.63725
online_shoppers_f17_t100_th2,threads,online_shoppers,17,100,2,cat_onnx,512,64,4.487530364990234,0.17005233764648509,4.4462181701660155,5.640527954101563,2287.085,2588.2177,6037.797290000004
online_shoppers_f17_t100_th2,threads,online_shoppers,17,100,2,lgb_onnx,512,38,3.9253158922697367,0.05914322060032928,3.8907824835526315,4.416985711348684,1998.9625,2152.9295999999995,3053.329019999993
online_shoppers_f17_t100_th2,threads,online_shoppers,17,100,2,cat_sklearn,4,150,109.181855,5.986440833333347,105.42302666666667,134.53418333333332,435.73850000000004,499.5234,994.57267
online_shoppers_f17_t100_th2,threads,online_shoppers,17,100,2,cat_onnx,128,235,4.71099411569149,0.834972606382979,4.524488464095745,8.302889960106382,583.775,1043.3605999999988,2596.411839999999
online_shoppers_f17_t100_th2,threads,online_shoppers,17,100,2,lgb_sklearn,4096,5,8.30911171875,0.46243479003906174,7.96203193359375,8.849199658203124,33698.418,38389.6049,40964.79034000001
online_shoppers_f17_t100_th2,threads,online_shoppers,17,100,2,xgb_inplace,256,99,5.76038557449495,0.1729645280934342,5.502372080176768,6.363680121527778,1436.827,1771.2103999999977,2928.296799999995
online_shoppers_f17_t100_th2,threads,online_shoppers,17,100,2,lgb_booster,128,168,6.467942894345239,0.17729164341517922,6.374535063244048,7.050331426711309,820.5375,976.4223499999998,1158.4268299999999
online_shoppers_f17_t100_th2,threads,online_shoppers,17,100,2,lgb_onnx,8,3000,7.001698625,0.1847656250000007,6.840935708333333,7.439095666666667,54.486,71.49934999999998,87.27167999999989
online_shoppers_f17_t100_th2,threads,online_shoppers,17,100,2,lgb_sklearn,8,183,104.96109221311475,5.529308060109287,102.22244398907104,116.17687704918033,817.493,908.6541999999995,1642.108479999991
online_shoppers_f17_t100_th2,threads,online_shoppers,17,100,2,xgb_dmatrix,4096,15,2.458024365234375,0.1610322672526041,2.3585553873697918,3.0261908040364585,9720.742,14336.15959999999,17646.370639999997
online_shoppers_f17_t100_th2,threads,online_shoppers,17,100,2,xgb_onnx,16384,5,7.406161120605469,5.2671627136230486,3.590120678710938,11.412421618652344,125045.633,196737.35640000002,202462.4005
online_shoppers_f17_t100_th2,threads,online_shoppers,17,100,2,xgb_dmatrix,1,354,350.1334802259887,20.610216101694903,342.11143785310736,386.5358870056497,334.0085,467.6008499999999,619.2065200000027
online_shoppers_f17_t100_th2,threads,online_shoppers,17,100,2,lgb_sklearn,64,135,17.199720486111108,0.7216835648148177,16.37482951388889,20.049549074074076,1067.518,1199.1657999999995,3061.5554000000025
online_shoppers_f17_t100_th2,threads,online_shoppers,17,100,2,xgb_sklearn,256,129,4.023330305232558,0.07957947250484487,3.949636567344961,4.657186167635659,1006.984,1556.6407999999997,1658.0236199999995
online_shoppers_f17_t100_th2,threads,online_shoppers,17,100,2,lgb_onnx,2,3000,12.373160166666667,0.29508491666666714,12.104339666666666,14.547922,23.963,34.03115,41.37045999999977
online_shoppers_f17_t100_th2,threads,online_shoppers,17,100,2,xgb_onnx,128,309,3.7768998280744337,0.0965594913025889,3.7061407008495144,4.628826405744337,473.829,523.1337,999.8778599999993
online_shoppers_f17_t100_th2,threads,online_shoppers,17,100,2,lgb_sklearn,16384,5,4.218788671875,2.8704607055664066,3.807093823242188,7.9103076171875,66199.63,129539.6634,132462.66460000002
online_shoppers_f17_t100_th2,threads,online_shoppers,17,100,2,xgb_inplace,512,62,4.843265341481855,0.11105730216733889,4.7367023374495965,5.084864352318548,2436.273,2961.13865,4344.520189999998
online_shoppers_f17_t100_th2,threads,online_shoppers,17,100,2,xgb_dmatrix,2,264,213.66644507575757,61.9530104166667,207.19086553030303,320.8451401515151,420.9295,642.0661,1234.2873499999982
online_shoppers_f17_t100_th2,threads,online_shoppers,17,100,2,xgb_inplace,16384,5,2.0194538818359375,0.03260645751953106,2.001272802734375,2.269096545410156,32816.95,36244.5541,50423.98594
online_shoppers_f17_t100_th2,threads,online_shoppers,17,100,2,cat_onnx,2,3000,11.382795166666666,0.27496808333333256,11.207761833333334,13.583305166666667,22.197,32.2161,39.65216999999998
online_shoppers_f17_t100_th2,threads,online_shoppers,17,100,2,lgb_booster,8,1582,11.650799462705436,0.4140212547408364,11.530160872313527,13.49152955120101,89.77,131.28560000000002,173.53784000000005
online_shoppers_f17_t100_th2,threads,online_shoppers,17,100,2,xgb_dmatrix,8,341,57.56020491202346,3.405517595307913,54.98223826979472,64.36394978005866,447.093,542.0264999999999,834.8399999999999
online_shoppers_f17_t100_th2,threads,online_shoppers,17,100,2,cat_onnx,8,2654,7.171425113036926,0.6840649962321024,6.93174350037679,8.131428457045969,56.212,79.81504999999999,99.98521999999998
online_shoppers_f17_t100_th2,threads,online_shoppers,17,100,2,xgb_dmatrix,1024,53,4.584147626768868,1.906004781471108,2.6878742076945756,4.920863944575472,4687.821,5179.9444,6161.65797999999
online_shoppers_f17_t100_th2,threads,online_shoppers,17,100,2,xgb_sklearn,1,291,534.4066323024056,26.16526632302407,498.05145360824747,550.5291443298969,505.929,594.429,1546.973
online_shoppers_f17_t100_th2,threads,online_shoppers,17,100,2,xgb_inplace,2,421,172.42123396674583,4.3411532066508585,168.51868883610453,186.6428242280285,329.12,401.562,537.3409999999996
online_shoppers_f17_t100_th2,threads,online_shoppers,17,100,2,lgb_sklearn,512,48,5.545511922200521,0.40702648925781393,5.336195149739583,6.504297119140625,2752.4975,3318.3978499999994,5744.435070000002
