config,sweep,dataset,n_features,n_trees,threads,path,batch,n_calls,median_us_per_row,iqr_us_per_row,min_us_per_row,max_us_per_row,call_p50_us,call_p95_us,call_p99_us
online_shoppers_f17_t100_th1,trees,online_shoppers,17,100,1,xgb_inplace,128,223,5.621229295123318,0.36159571188340767,5.3041933506165915,6.278912450952915,675.553,1014.9006000000004,1462.1890800000003
online_shoppers_f17_t100_th1,trees,online_shoppers,17,100,1,xgb_sklearn,16384,5,2.132296044921875,0.1153706970214845,2.057176306152344,2.3024382202148437,33948.964,39423.96719999999,48273.794440000005
online_shoppers_f17_t100_th1,trees,online_shoppers,17,100,1,lgb_booster,512,44,8.321309215198864,1.9651415127840899,6.026648481889205,9.530559525923296,4156.5509999999995,5263.731899999999,6056.575000000001
online_shoppers_f17_t100_th1,trees,online_shoppers,17,100,1,xgb_inplace,32,235,19.808036037234043,1.602307579787233,18.039060638297872,22.95967380319149,592.885,850.1207999999995,1797.1000799999988
online_shoppers_f17_t100_th1,trees,online_shoppers,17,100,1,xgb_inplace,16,241,26.818404823651452,9.234712785269707,24.577003890041496,43.75259362033195,423.023,773.149,1375.9095
online_shoppers_f17_t100_th1,trees,online_shoppers,17,100,1,cat_sklearn,2,346,243.08139884393063,14.718747109826609,224.80245809248555,265.5026242774567,450.2235,675.81475,1106.4902999999997
online_shoppers_f17_t100_th1,trees,online_shoppers,17,100,1,xgb_sklearn,512,88,3.836108309659091,0.40911551180752914,3.193530118075284,7.377862681995739,1840.1064999999999,2979.3743,3633.112590000003
online_shoppers_f17_t100_th1,trees,online_shoppers,17,100,1,cat_sklearn,512,223,1.6976334781390134,0.2388914701863789,1.5885244622337442,1.8919728752102019,809.721,1356.4244,1864.0611600000002
online_shoppers_f17_t100_th1,trees,online_shoppers,17,100,1,xgb_onnx,4096,8,4.684382446289063,0.33515376281738263,4.375152679443359,5.325656433105468,18681.3045,22713.580499999996,27429.320119999986
online_shoppers_f17_t100_th1,trees,online_shoppers,17,100,1,cat_onnx,64,417,6.654905050959233,2.461205260791367,5.749825539568345,8.888550134892085,469.213,665.2599,937.1304200000034
online_shoppers_f17_t100_th1,trees,online_shoppers,17,100,1,xgb_sklearn,8,216,88.39422222222223,2.820899305555571,85.4085792824074,93.57496875,670.6705,926.37875,1702.71425
online_shoppers_f17_t100_th1,trees,online_shoppers,17,100,1,lgb_booster,256,56,6.7190732421875,1.5725395507812507,6.079522530691965,10.04306068638393,1737.837,2707.94275,3471.7461500000013
online_shoppers_f17_t100_th1,trees,online_shoppers,17,100,1,lgb_sklearn,2,126,389.3505595238095,12.19481944444442,356.67945238095234,430.03023412698417,732.5595000000001,1050.887,1307.8643500000017
online_shoppers_f17_t100_th1,trees,online_shoppers,17,100,1,xgb_sklearn,1024,52,3.0456456768329327,0.23511101825420688,2.78509521484375,3.412522442157452,2944.957,4142.058849999998,5396.5494899999985
online_shoppers_f17_t100_th1,trees,online_shoppers,17,100,1,lgb_onnx,32,873,5.974898661225659,0.2961684206758308,5.35085592067583,6.513007660366552,184.156,264.68399999999997,322.28151999999994
online_shoppers_f17_t100_th1,trees,online_shoppers,17,100,1,xgb_dmatrix,256,120,4.418509830729167,0.43232999674479267,4.08124423828125,4.877509342447916,1073.944,1709.3147499999998,2087.403739999998
online_shoppers_f17_t100_th1,trees,online_shoppers,17,100,1,cat_sklearn,4096,58,0.625210832266972,0.04180261651400863,0.5660660400390625,0.732496198983028,2395.4325,3430.0953499999996,4406.2558199999985
online_shoppers_f17_t100_th1,trees,online_shoppers,17,100,1,lgb_booster,1024,22,6.412591175426136,2.0625195312499995,5.928758212002841,9.451309259588069,6420.603999999999,9348.93255,13355.542310000008
online_shoppers_f17_t100_th1,trees,online_shoppers,17,100,1,cat_onnx,4,2946,13.385968431771895,1.2968587491513937,12.66495078071962,14.844185845213849,50.317,67.69825,99.08200000000004
online_shoppers_f17_t100_th1,trees,online_shoppers,17,100,1,lgb_booster,16,682,10.378070564516129,5.057992576979473,9.43192375366569,16.635208119501467,164.2045,278.98249999999996,438.8220299999995
online_shoppers_f17_t100_th1,trees,online_shoppers,17,100,1,lgb_booster,1,2771,61.24899025622519,10.486064417177914,54.21346697942981,79.25944965716349,50.519,114.065,210.69480000000047
online_shoppers_f17_t100_th1,trees,online_shoppers,17,100,1,xgb_inplace,8,405,49.3500311728395,2.569043827160492,47.70930802469136,52.02098425925926,367.281,551.3086,909.9403400000028
online_shoppers_f17_t100_th1,trees,online_shoppers,17,100,1,xgb_sklearn,4,337,135.61879821958456,36.64571253709198,118.71131231454007,199.5526869436202,575.439,811.2733999999998,1834.31634
online_shoppers_f17_t100_th1,trees,online_shoppers,17,100,1,cat_sklearn,1,360,388.8162527777778,70.02063472222221,344.0993361111111,661.7224805555555,358.7815,596.6841999999995,2427.89787
online_shoppers_f17_t100_th1,trees,online_shoppers,17,100,1,cat_sklearn,8,188,81.08110106382979,16.891629986702142,58.85798670212766,122.49815359042553,492.9005,1512.921,2538.22451
online_shoppers_f17_t100_th1,trees,online_shoppers,17,100,1,cat_onnx,256,71,8.613324878961269,0.662386086047535,7.692652453785211,9.30367616637324,2027.43,2797.585,4109.117800000002
online_shoppers_f17_t100_th1,trees,online_shoppers,17,100,1,cat_onnx,16384,5,5.09437998046875,0.3001819580078129,4.887433325195312,5.398997692871094,82496.84,94201.30069999999,100666.57464
online_shoppers_f17_t100_th1,trees,online_shoppers,17,100,1,cat_onnx,1,3000,18.519269,1.054296833333332,15.798235333333334,20.375328,15.93,25.967049999999997,69.01832999999995
online_shoppers_f17_t100_th1,trees,online_shoppers,17,100,1,xgb_onnx,64,507,5.223589558678501,0.5743514546351083,4.476647682445759,5.746341685157791,299.35,488.70039999999995,704.8267199999991
online_shoppers_f17_t100_th1,trees,online_shoppers,17,100,1,cat_sklearn,32,150,16.83469708333333,0.8162493749999982,14.007606874999999,21.934864583333333,494.6435,827.0115999999999,1598.44492
online_shoppers_f17_t100_th1,trees,online_shoppers,17,100,1,lgb_booster,32,566,9.084102528710247,2.2205606227915204,8.147913427561837,13.195316972173144,274.6755,464.04575,732.444
online_shoppers_f17_t100_th1,trees,online_shoppers,17,100,1,lgb_onnx,128,111,7.6663663429054045,0.41363316441441356,7.330148155968468,8.256981700450451,943.054,1264.526,1712.6497999999992
online_shoppers_f17_t100_th1,trees,online_shoppers,17,100,1,lgb_onnx,16,1105,9.770681052036199,0.553187188914027,8.94915673076923,11.946232409502263,141.278,225.85869999999989,461.95113999999785
online_shoppers_f17_t100_th1,trees,online_shoppers,17,100,1,xgb_onnx,32,460,8.155104347826088,0.5844376019021746,7.749325067934783,8.876736888586956,245.28300000000002,322.67195000000004,587.8470899999996
online_shoppers_f17_t100_th1,trees,online_shoppers,17,100,1,xgb_dmatrix,32,289,17.23386732266436,1.1481840938581342,15.428911980968858,19.15085910467128,516.007,755.2444,1089.2090599999997
online_shoppers_f17_t100_th1,trees,online_shoppers,17,100,1,lgb_onnx,256,101,4.704888265779703,0.34459032719678184,4.558163946472773,5.2883875696163365,1174.456,1552.921,1776.252400000001
online_shoppers_f17_t100_th1,trees,online_shoppers,17,100,1,xgb_dmatrix,4,337,116.03212759643917,6.366705489614233,106.02267655786349,121.62797551928783,420.656,621.1887,974.3787
online_shoppers_f17_t100_th1,trees,online_shoppers,17,100,1,xgb_sklearn,128,172,6.267858648255814,0.5023758402979643,5.805345248909884,6.823731104651163,757.7215,1110.5909499999998,1589.01612
online_shoppers_f17_t100_th1,trees,online_shoppers,17,100,1,lgb_sklearn,128,86,12.583131268168605,1.3722068949854638,11.820278343023256,15.293319313226744,1558.481,2240.9627499999997,2740.6038499999995
online_shoppers_f17_t100_th1,trees,online_shoppers,17,100,1,xgb_dmatrix,512,75,3.6331121875,0.19935872395833343,3.355703046875,4.375704765625,1784.015,2669.4649999999997,3248.7196799999997
online_shoppers_f17_t100_th1,trees,online_shoppers,17,100,1,xgb_inplace,64,155,11.674264616935483,0.5724740423387118,10.61050493951613,14.989656653225806,717.984,1062.4121999999998,2089.43724
online_shoppers_f17_t100_th1,trees,online_shoppers,17,100,1,xgb_onnx,1024,17,7.112313993566176,0.8729984489889713,6.641595013786765,8.528305089613971,7410.57,9247.4208,10112.238739999995
online_shoppers_f17_t100_th1,trees,online_shoppers,17,100,1,lgb_booster,16384,5,6.262692260742187,0.3055335998535149,5.911015612792968,6.572471240234375,100497.347,112614.5727,115698.94194
online_shoppers_f17_t100_th1,trees,online_shoppers,17,100,1,xgb_onnx,4,3000,9.335275750000001,0.6624148333333331,8.3480395,10.876481833333333,33.594,53.51415,102.45734999999931
online_shoppers_f17_t100_th1,trees,online_shoppers,17,100,1,xgb_onnx,1,3000,18.928184333333334,2.0929753333333316,17.484931666666668,26.775750333333335,16.58,27.747649999999975,94.30717999999997
online_shoppers_f17_t100_th1,trees,online_shoppers,17,100,1,xgb_inplace,1024,38,2.8334389391447368,0.23173287160773048,2.637700734991776,3.240367007606908,2777.2560000000003,3820.0264499999994,5203.015579999995
online_shoppers_f17_t100_th1,trees,online_shoppers,17,100,1,xgb_dmatrix,128,206,9.98746609526699,1.3500284246055845,6.4322538304004855,10.992344243021844,1205.9250000000002,1736.06725,2691.0514999999996
online_shoppers_f17_t100_th1,trees,online_shoppers,17,100,1,cat_sklearn,64,257,10.758054657101168,1.3204250668774336,9.747455556906614,12.02608888618677,541.802,1631.8924999999988,2384.8906999999995
online_shoppers_f17_t100_th1,trees,online_shoppers,17,100,1,cat_sklearn,16384,9,0.84855029296875,0.1850098470052084,0.4746914808485243,1.0313046875,13977.315,19721.095999999998,22641.758719999987
online_shoppers_f17_t100_th1,trees,online_shoppers,17,100,1,xgb_onnx,16,1330,6.393264520676692,0.19542671522556443,6.085948872180451,6.9843214755639105,96.62950000000001,146.92739999999998,201.89818999999957
online_shoppers_f17_t100_th1,trees,online_shoppers,17,100,1,lgb_onnx,1,3000,20.078756000000002,1.0909381666666675,18.714242,24.40383233333333,18.478,29.57715,57.74012999999966
online_shoppers_f17_t100_th1,trees,online_shoppers,17,100,1,lgb_booster,4096,5,6.038265234374999,0.17611672363281272,5.8164220703125,6.6147375,24367.208,28022.068899999995,32523.95678
online_shoppers_f17_t100_th1,trees,online_shoppers,17,100,1,cat_sklearn,128,243,4.437978555812757,0.3144382394547325,4.0693400848765435,5.018700199331276,535.02,803.5696000000002,1161.2696000000003
online_shoppers_f17_t100_th1,trees,online_shoppers,17,100,1,lgb_onnx,1024,27,4.907482711226852,0.2013567708333328,4.571655635127315,5.221176215277778,4810.461,6088.8128,6530.436200000001
online_shoppers_f17_t100_th1,trees,online_shoppers,17,100,1,lgb_sklearn,16,153,55.319634803921566,6.368103962418303,48.60412254901961,60.614305964052285,798.953,1186.0256,1365.6753800000004
online_shoppers_f17_t100_th1,trees,online_shoppers,17,100,1,xgb_inplace,4,463,102.57663660907127,39.92465010799134,83.26870950323973,140.42192602591794,386.922,597.7701999999996,1162.25772
online_shoppers_f17_t100_th1,trees,online_shoppers,17,100,1,lgb_booster,64,262,10.16041471851145,0.8331598282442734,9.158438573473282,10.939082239980916,615.095,850.2574499999997,1327.81279
online_shoppers_f17_t100_th1,trees,online_shoppers,17,100,1,lgb_onnx,64,291,8.380447540807559,0.3901435781786944,7.928453930412371,9.379814218213058,492.651,804.158,1180.121
online_shoppers_f17_t100_th1,trees,online_shoppers,17,100,1,xgb_sklearn,16,204,34.820067095588236,19.53224540441176,32.28573805147059,64.6382818627451,549.3375,1291.7052499999986,2080.706900000002
online_shoppers_f17_t100_th1,trees,online_shoppers,17,100,1,xgb_dmatrix,16,232,29.474848868534483,2.2289368265086225,28.23688900862069,32.63401373922414,441.898,644.8335999999996,997.9675899999975
online_shoppers_f17_t100_th1,trees,online_shoppers,17,100,1,xgb_onnx,512,67,4.5201126107742535,0.24410163537779805,4.303197061567165,4.838591534514925,2193.444,2973.195,3423.43664
online_shoppers_f17_t100_th1,trees,online_shoppers,17,100,1,lgb_sklearn,4,205,194.52547195121952,4.475423170731716,175.78441219512194,219.92984878048782,769.012,985.2541999999997,1239.9074
online_shoppers_f17_t100_th1,trees,online_shoppers,17,100,1,xgb_onnx,256,120,4.52097236328125,0.19316347656249988,4.312912825520834,5.136444759114584,1096.3890000000001,1583.00995,1889.2779199999998
online_shoppers_f17_t100_th1,trees,online_shoppers,17,100,1,lgb_booster,2,1822,31.65838282107574,16.690725301866085,28.837963776070254,50.46627771679473,65.25999999999999,117.50665000000002,219.88314000000005
online_shoppers_f17_t100_th1,trees,online_shoppers,17,100,1,lgb_sklearn,256,48,13.534484375,1.0102965901692702,12.50570556640625,14.98189949544271,3290.6625,4314.19635,5375.788060000001
online_shoppers_f17_t100_th1,trees,online_shoppers,17,100,1,xgb_onnx,2,3000,18.643052,1.5678023333333329,16.6430075,20.519600666666665,33.431,48.80704999999997,105.8952899999998
online_shoppers_f17_t100_th1,trees,online_shoppers,17,100,1,xgb_dmatrix,64,185,11.524127111486486,5.7327887246621625,8.776125506756756,15.8606625,783.475,1123.4251999999994,2090.727160000004
online_shoppers_f17_t100_th1,trees,online_shoppers,17,100,1,xgb_inplace,1,427,275.60525058548006,17.044558548009377,252.70752927400468,289.84876580796254,246.429,381.8747999999999,650.983599999999
online_shoppers_f17_t100_th1,trees,online_shoppers,17,100,1,xgb_onnx,8,2984,7.284263362935657,0.39133654490616543,6.5055222855227886,8.253067861930294,55.226,77.4657,113.84541000000002
online_shoppers_f17_t100_th1,trees,online_shoppers,17,100,1,cat_onnx,16,1517,6.774526285431773,0.6789190219182588,6.087780817402769,7.665261329927488,101.963,158.53959999999995,220.74195999999986
online_shoppers_f17_t100_th1,trees,online_shoppers,17,100,1,lgb_sklearn,32,149,31.052583263422818,2.00256784815436,29.448010696308724,32.82340792785235,969.418,1255.9701,1435.7296599999995
online_shoppers_f17_t100_th1,trees,online_shoppers,17,100,1,xgb_sklearn,2,301,260.738634551495,20.54859966777417,247.7414318936877,289.138584717608,491.232,717.3225,1234.575400000001
online_shoppers_f17_t100_th1,trees,online_shoppers,17,100,1,xgb_sklearn,32,202,18.497714573019802,6.223708849009899,16.72235272277228,26.82803001237624,595.2270000000001,925.9347999999995,1481.6410199999998
online_shoppers_f17_t100_th1,trees,online_shoppers,17,100,1,cat_onnx,1024,18,8.129168565538194,0.24039458550346993,7.553010036892362,9.331810004340277,8337.161,9612.2694,11200.874600000001
online_shoppers_f17_t100_th1,trees,online_shoppers,17,100,1,cat_onnx,4096,5,8.561216943359375,1.0940150878906252,7.195024658203125,8.82495634765625,33200.821,40295.4979,46069.99912
online_shoppers_f17_t100_th1,trees,online_shoppers,17,100,1,cat_sklearn,256,200,2.4446965234375004,0.4041422363281253,2.24104150390625,4.038471328125,614.963,1199.7615499999993,2156.1336399999836
online_shoppers_f17_t100_th1,trees,online_shoppers,17,100,1,cat_sklearn,1024,158,1.1754459676621836,0.04643022831784016,1.138111896756329,1.2270426411689082,1209.165,1488.0234499999997,1910.5002599999996
online_shoppers_f17_t100_th1,trees,online_shoppers,17,100,1,lgb_booster,4,1336,20.00479098053892,2.065535460329343,17.6225752245509,22.375859094311377,70.448,133.3365,213.9549999999993
online_shoppers_f17_t100_th1,trees,online_shoppers,17,100,1,lgb_sklearn,1024,17,7.297713637408088,0.27616845703125037,6.947737764246323,7.805907686121324,7258.036,8821.187299999996,10023.351419999997
online_shoppers_f17_t100_th1,trees,online_shoppers,17,100,1,cat_sklearn,16,330,30.713464393939393,1.9824404356060654,28.38057878787879,33.42596856060606,475.988,609.2811499999998,941.55603
online_shoppers_f17_t100_th1,trees,online_shoppers,17,100,1,lgb_onnx,4096,6,7.0944052734375,0.9531371459960933,4.637274007161458,7.552884684244792,28471.879,31622.23975,33791.38134999999
online_shoppers_f17_t100_th1,trees,online_shoppers,17,100,1,lgb_onnx,4,3000,14.43625175,1.1532702500000003,13.2625195,16.26553625,52.57,72.986,168.3248599999984
online_shoppers_f17_t100_th1,trees,online_shoppers,17,100,1,lgb_sklearn,1,151,1085.3452715231788,91.80507284768237,822.3516357615894,1255.776013245033,1045.818,1460.444,2414.6304000000023
online_shoppers_f17_t100_th1,trees,online_shoppers,17,100,1,xgb_dmatrix,16384,5,2.391109521484375,0.16762029418945312,2.3195861938476563,2.583245361328125,39079.24,44826.7717,51030.218420000005
online_shoppers_f17_t100_th1,trees,online_shoppers,17,100,1,xgb_sklearn,4096,15,2.3330522623697916,0.05513073730468765,2.244523551432292,2.5161500976562503,9234.864,11019.4966,13538.07903999994
online_shoppers_f17_t100_th1,trees,online_shoppers,17,100,1,xgb_sklearn,64,247,9.559002909919029,0.36775072747975734,9.093240384615385,10.395485513663967,572.228,835.8369999999999,1078.9083600000026
online_shoppers_f17_t100_th1,trees,online_shoppers,17,100,1,lgb_onnx,16384,5,5.078999206542969,2.039601251220704,4.7457115112304695,7.260966870117188,82913.422,123999.6188,129020.23732000001
online_shoppers_f17_t100_th1,trees,online_shoppers,17,100,1,cat_onnx,32,518,10.58362059604247,0.9294457951254813,9.13661776061776,11.768370656370656,304.9175,521.1373,891.0710299999981
online_shoppers_f17_t100_th1,trees,online_shoppers,17,100,1,xgb_inplace,4096,7,4.301542724609375,2.0380562744140627,2.292064767020089,4.893497000558035,16358.64,20965.3236,23046.280239999996
online_shoppers_f17_t100_th1,trees,online_shoppers,17,100,1,cat_onnx,512,33,5.278770833333333,0.32936052911931757,4.771784386837121,6.688590731534091,2596.786,3564.0626999999995,4576.0567599999995
online_shoppers_f17_t100_th1,trees,online_shoppers,17,100,1,lgb_onnx,512,53,4.7829609375,0.43607757222877286,4.587533571639151,5.364075508549528,2379.374,3160.6733999999997,3580.57844
online_shoppers_f17_t100_th1,trees,online_shoppers,17,100,1,cat_sklearn,4,372,123.95076545698925,16.758910954301086,111.88198991935484,159.06168615591397,463.461,809.0894499999998,1332.0267700000047
online_shoppers_f17_t100_th1,trees,online_shoppers,17,100,1,cat_onnx,128,212,5.343433778007076,0.3030533977004728,4.944725714917453,6.075504532724056,637.601,926.8256999999995,1095.40146
online_shoppers_f17_t100_th1,trees,online_shoppers,17,100,1,lgb_sklearn,4096,6,6.220612996419271,0.33655954996744786,6.0033779296875,6.853782755533855,25125.983,29443.95725,35669.40385
online_shoppers_f17_t100_th1,trees,online_shoppers,17,100,1,xgb_inplace,256,172,3.9109098155886626,2.14955496002907,3.6993084574854653,6.624640988372093,1009.787,1931.9162499999998,2623.1235399999996
online_shoppers_f17_t100_th1,trees,online_shoppers,17,100,1,lgb_booster,128,149,8.620856963087247,0.5943351510067103,7.939575188758389,9.507773122902686,1048.141,1399.9878999999996,2069.0552999999954
online_shoppers_f17_t100_th1,trees,online_shoppers,17,100,1,lgb_onnx,8,1680,11.965562946428571,1.3068410342261902,10.9062484375,12.958150223214286,87.057,116.64334999999997,231.14654999999993
online_shoppers_f17_t100_th1,trees,online_shoppers,17,100,1,lgb_sklearn,8,118,108.38724682203389,13.651908368644072,92.80552118644067,152.30608580508476,807.985,1311.7567499999996,1664.0027299999958
online_shoppers_f17_t100_th1,trees,online_shoppers,17,100,1,xgb_dmatrix,4096,13,2.6767323467548074,0.19486088679387015,2.4953941556490387,2.880313457782452,10438.755,12936.796100000001,18457.373260000015
online_shoppers_f17_t100_th1,trees,online_shoppers,17,100,1,xgb_onnx,16384,5,4.468563916015625,0.17848665161132793,4.207286462402344,4.718125842285156,70992.28,81279.1727,85150.52396
online_shoppers_f17_t100_th1,trees,online_shoppers,17,100,1,xgb_dmatrix,1,370,528.4324378378378,71.72527162162163,363.0057,545.298435135135,486.998,658.4772999999999,1442.5718499999987
online_shoppers_f17_t100_th1,trees,online_shoppers,17,100,1,lgb_sklearn,64,67,27.879794776119404,2.151684118470147,24.66867140858209,36.48003218283582,1708.181,2581.6345999999994,3495.702359999999
online_shoppers_f17_t100_th1,trees,online_shoppers,17,100,1,xgb_sklearn,256,74,7.23192308910473,0.4368127903293919,6.954082347972974,8.016892314189189,1785.1995000000002,2602.8219499999996,3544.21854
online_shoppers_f17_t100_th1,trees,online_shoppers,17,100,1,lgb_onnx,2,3000,14.516761500000001,4.125973666666667,13.503251,23.9142645,27.333,46.643849999999986,74.79107999999998
online_shoppers_f17_t100_th1,trees,online_shoppers,17,100,1,xgb_onnx,128,260,4.649119020432692,0.30581228966346163,4.255372626201923,5.097694891826922,551.4275,803.2158499999998,889.8737499999994
online_shoppers_f17_t100_th1,trees,online_shoppers,17,100,1,lgb_sklearn,16384,5,6.211987561035157,0.31117133178710965,5.982268151855469,7.454393530273437,102060.648,120799.14589999999,129950.45286
online_shoppers_f17_t100_th1,trees,online_shoppers,17,100,1,xgb_inplace,512,57,3.5177492461622806,2.340590203536184,2.7928256921600876,5.768046155427632,1799.97,3126.8142999999986,4108.55836
online_shoppers_f17_t100_th1,trees,online_shoppers,17,100,1,xgb_dmatrix,2,229,318.8207663755459,11.490098253275164,289.0168951965066,324.46846069868997,589.557,857.5466999999998,1700.2753600000008
online_shoppers_f17_t100_th1,trees,online_shoppers,17,100,1,xgb_inplace,16384,5,3.6280988647460934,1.6746409179687496,2.125476599121094,4.320287768554687,59656.75,72977.6056,75239.02124
online_shoppers_f17_t100_th1,trees,online_shoppers,17,100,1,cat_onnx,2,3000,13.733241,0.548677416666667,11.468808999999998,15.356390666666666,24.375,37.106249999999996,81.23110999999983
online_shoppers_f17_t100_th1,trees,online_shoppers,17,100,1,lgb_booster,8,1838,14.580263057671381,1.221801686615887,12.961519042437432,18.69790669205658,99.9805,206.58669999999995,476.3527199999993
online_shoppers_f17_t100_th1,trees,online_shoppers,17,100,1,xgb_dmatrix,8,287,62.70159886759582,3.4065838414634086,56.07720731707317,71.63204355400697,465.807,720.5385999999997,1282.12056
online_shoppers_f17_t100_th1,trees,online_shoppers,17,100,1,cat_onnx,8,2456,7.9912088253257325,0.7076354081840392,7.471165411237784,9.064975213762214,57.983999999999995,99.4315,191.6924999999996
online_shoppers_f17_t100_th1,trees,online_shoppers,17,100,1,xgb_dmatrix,1024,47,3.333213659408245,0.45844236203457456,2.954573491522606,3.8051377992021274,3275.991,4857.846799999999,5984.731399999998
online_shoppers_f17_t100_th1,trees,online_shoppers,17,100,1,xgb_sklearn,1,198,603.5423484848485,120.05948484848489,440.78825757575754,785.456404040404,545.6320000000001,1027.5495000000005,1924.83238
online_shoppers_f17_t100_th1,trees,online_shoppers,17,100,1,xgb_inplace,2,350,280.7860714285714,14.909269999999992,261.3817614285714,290.2073871428571,497.881,897.1191999999999,1607.6458499999972
online_shoppers_f17_t100_th1,trees,online_shoppers,17,100,1,lgb_sklearn,512,22,11.7885224609375,1.4630589932528384,10.090569602272728,13.362017045454547,5800.1605,7880.8218,9157.48535
online_shoppers_f17_t500_th1,trees,online_shoppers,17,500,1,xgb_inplace,128,73,17.954916845034248,0.8802653574486321,16.46381303510274,19.01606710188356,2129.98,3139.5058999999997,3987.3885200000027
online_shoppers_f17_t500_th1,trees,online_shoppers,17,500,1,xgb_sklearn,16384,5,11.548702404785155,2.5143082519531266,10.895579052734375,21.415567724609378,189276.67,356732.272,357772.65364000003
online_shoppers_f17_t500_th1,trees,online_shoppers,17,500,1,lgb_booster,512,9,33.997969401041665,2.677933051215277,30.877091145833333,38.29995594618055,16740.787,22823.846499999996,26665.537679999994
online_shoppers_f17_t500_th1,trees,online_shoppers,17,500,1,xgb_inplace,32,48,50.8641328125,3.7113798828125013,44.988814453125,64.196828125,1550.917,2293.3673,3122.571250000001
online_shoppers_f17_t500_th1,trees,online_shoppers,17,500,1,xgb_inplace,16,95,85.21869013157894,9.076038486842108,72.56264802631578,90.80391118421052,1194.489,2303.8839999999996,3406.7110799999987
online_shoppers_f17_t500_th1,trees,online_shoppers,17,500,1,cat_sklearn,2,247,240.97217004048582,52.642171052631596,222.76979149797572,353.1790263157895,466.168,924.5415999999991,1733.1676400000003
online_shoppers_f17_t500_th1,trees,online_shoppers,17,500,1,xgb_sklearn,512,21,13.558237816220238,0.8282739955357137,12.521255115327381,14.699490513392856,6552.955,8740.5995,10936.0561
online_shoppers_f17_t500_th1,trees,online_shoppers,17,500,1,cat_sklearn,512,149,2.3213761928481547,0.3204206166107384,2.0628683541317114,2.841269138003356,1119.993,1695.1553,2938.6599999999994
online_shoppers_f17_t500_th1,trees,online_shoppers,17,500,1,xgb_onnx,4096,5,22.46478662109375,0.9140728515624978,21.85242529296875,34.909818554687504,91405.65,143962.1082,146862.87884000002
online_shoppers_f17_t500_th1,trees,online_shoppers,17,500,1,cat_onnx,64,54,47.91383275462963,2.4037479745370334,42.43729282407407,50.710374710648146,2971.3845,3734.1071500000003,5126.52909
online_shoppers_f17_t500_th1,trees,online_shoppers,17,500,1,xgb_sklearn,8,115,177.7759282608696,14.191509782608705,162.87841086956522,213.93212282608698,1348.514,2000.6487999999995,3568.5878000000002
online_shoppers_f17_t500_th1,trees,online_shoppers,17,500,1,lgb_booster,256,16,35.37579565429687,1.9653284912109328,32.47212841796875,37.32625659179688,8787.413,10640.7485,12828.133000000002
online_shoppers_f17_t500_th1,trees,online_shoppers,17,500,1,lgb_sklearn,2,163,449.08946625766873,17.10587269938651,426.02222699386505,476.6259846625767,863.972,1208.4455999999998,1538.0853999999997
online_shoppers_f17_t500_th1,trees,online_shoppers,17,500,1,xgb_sklearn,1024,11,12.10271102627841,0.8899070933948874,11.766908203125,14.353914328835227,12374.829,14713.724,19952.979799999997
online_shoppers_f17_t500_th1,trees,online_shoppers,17,500,1,lgb_onnx,32,186,25.975048723118277,1.7658144321236549,24.903588205645164,28.763040994623655,794.79,1118.30375,1330.3118
online_shoppers_f17_t500_th1,trees,online_shoppers,17,500,1,xgb_dmatrix,256,36,17.511090169270833,3.414875162760417,16.3912119140625,25.567810004340277,4459.1055,7702.07275,10604.70865
online_shoppers_f17_t500_th1,trees,online_shoppers,17,500,1,cat_sklearn,4096,32,2.0223000564575195,0.9150499305725097,1.205611328125,2.767280464172363,7064.612499999999,12884.6159,14795.05291
online_shoppers_f17_t500_th1,trees,online_shoppers,17,500,1,lgb_booster,1024,5,44.58608515625,6.201463378906247,37.5840158203125,49.9037484375,44233.469,53630.7218,54382.707180000005
online_shoppers_f17_t500_th1,trees,online_shoppers,17,500,1,cat_onnx,4,696,48.51720043103449,24.061969468390807,39.279299209770116,77.26014439655172,186.642,335.11075,593.4085499999999
online_shoppers_f17_t500_th1,trees,online_shoppers,17,500,1,lgb_booster,16,220,45.04353920454546,3.9337508522727305,40.88041789772728,47.75541164772727,658.8525,1082.3066999999996,1416.3028999999992
online_shoppers_f17_t500_th1,trees,online_shoppers,17,500,1,lgb_booster,1,1436,108.14592200557104,9.29980118384401,99.157069637883,117.72594080779945,98.1265,162.28225,233.17009999999965
online_shoppers_f17_t500_th1,trees,online_shoppers,17,500,1,xgb_inplace,8,202,95.27815284653465,5.842767945544551,91.40169678217822,107.96460767326732,748.1555000000001,1037.03885,1552.8398199999997
online_shoppers_f17_t500_th1,trees,online_shoppers,17,500,1,xgb_sklearn,4,188,212.6897739361702,19.412595744680857,202.66130186170213,235.48307712765958,827.222,1164.8353499999992,1669.5480099999982
online_shoppers_f17_t500_th1,trees,online_shoppers,17,500,1,cat_sklearn,1,376,403.79693617021275,22.226853723404247,382.43377925531917,438.45752659574464,392.0115,514.29275,721.977150000001
online_shoppers_f17_t500_th1,trees,online_shoppers,17,500,1,cat_sklearn,8,173,82.3925686416185,13.226168713872838,67.64250794797688,104.14512716763005,557.713,1518.1634,2194.610400000001
online_shoppers_f17_t500_th1,trees,online_shoppers,17,500,1,cat_onnx,256,15,42.45174140625,2.4234532552083365,38.727990364583334,49.43910208333333,10635.298,13192.416599999999,16034.20812
online_shoppers_f17_t500_th1,trees,online_shoppers,17,500,1,cat_onnx,16384,5,25.696744860839843,9.246622521972661,24.016316699218752,40.35483481445313,413981.926,666615.3034999999,687677.89656
online_shoppers_f17_t500_th1,trees,online_shoppers,17,500,1,cat_onnx,1,2224,61.31042535971223,7.403587679856109,50.615214928057554,69.37170728417266,51.578,107.73699999999997,237.56345999999914
online_shoppers_f17_t500_th1,trees,online_shoppers,17,500,1,xgb_onnx,64,101,24.25364665841584,1.6966418626237605,23.029596379950494,27.895011757425742,1490.602,2076.808,2522.4428000000007
online_shoppers_f17_t500_th1,trees,online_shoppers,17,500,1,cat_sklearn,32,306,17.40656903594771,1.1664721711601338,15.751680657679739,18.555882965686276,525.8534999999999,716.7135,1020.1950499999992
online_shoppers_f17_t500_th1,trees,online_shoppers,17,500,1,lgb_booster,32,107,37.68445794392523,4.081467873831777,35.097065712616825,40.898624707943924,1128.603,1670.802,1979.1715200000003
online_shoppers_f17_t500_th1,trees,online_shoppers,17,500,1,lgb_onnx,128,52,23.568468599759616,2.3909984224759633,21.61797010216346,28.29308683894231,2862.9465,4256.2546999999995,4909.373629999998
online_shoppers_f17_t500_th1,trees,online_shoppers,17,500,1,lgb_onnx,16,307,30.31736828175896,10.038819421824108,26.500679763843646,51.48719503257329,459.201,928.3482,1285.1218399999968
online_shoppers_f17_t500_th1,trees,online_shoppers,17,500,1,xgb_onnx,32,115,41.842975815217386,1.7475226902173944,36.61146059782609,46.69490842391305,1279.097,1664.1908,3060.8897999999976
online_shoppers_f17_t500_th1,trees,online_shoppers,17,500,1,xgb_dmatrix,32,58,55.83468642241379,7.4147677801724114,50.47160290948276,69.96972737068965,1690.2115,2719.44485,3744.9821199999997
online_shoppers_f17_t500_th1,trees,online_shoppers,17,500,1,lgb_onnx,256,16,33.6354208984375,2.6414509277343754,21.54959912109375,38.3041142578125,8307.152,10409.705750000001,11857.733
online_shoppers_f17_t500_th1,trees,online_shoppers,17,500,1,xgb_dmatrix,4,172,209.2073284883721,9.599031249999996,200.6159215116279,226.0051773255814,796.389,1169.9970999999998,1664.7488399999986
online_shoppers_f17_t500_th1,trees,online_shoppers,17,500,1,xgb_sklearn,128,63,18.51761259920635,0.939153955853179,16.975142609126987,19.553009052579363,2239.342,3173.982599999999,3796.838040000007
online_shoppers_f17_t500_th1,trees,online_shoppers,17,500,1,lgb_sklearn,128,29,42.24164493534482,3.524667564655168,39.71006923491379,44.504677532327584,5122.746,6623.432399999997,7874.651879999999
online_shoppers_f17_t500_th1,trees,online_shoppers,17,500,1,xgb_dmatrix,512,21,13.533947916666666,1.1342901785714279,12.854549107142857,15.00485779389881,6658.17,8185.423000000001,10869.934299999995
online_shoppers_f17_t500_th1,trees,online_shoppers,17,500,1,xgb_inplace,64,120,20.387253385416663,1.5897460937500014,19.064864322916666,22.357528515625,1248.6555,1901.0337999999997,2229.1082499999998
online_shoppers_f17_t500_th1,trees,online_shoppers,17,500,1,xgb_onnx,1024,6,34.17296549479166,13.884983235677083,22.112938313802083,37.13022054036458,34359.954,39691.9365,41872.11714999999
online_shoppers_f17_t500_th1,trees,online_shoppers,17,500,1,lgb_booster,16384,5,35.373652514648434,5.216190539550787,31.540762792968753,44.42666724853516,565120.252,745009.6865,808646.05042
online_shoppers_f17_t500_th1,trees,online_shoppers,17,500,1,xgb_onnx,4,988,37.32213739878542,5.584094003036434,35.207247975708505,43.447574139676114,139.5,235.0759,427.80105
online_shoppers_f17_t500_th1,trees,online_shoppers,17,500,1,xgb_onnx,1,3000,54.157382,14.64494933333333,46.363738,75.03794866666667,50.5305,83.28244999999998,133.63549999999992
online_shoppers_f17_t500_th1,trees,online_shoppers,17,500,1,xgb_inplace,1024,7,22.091145089285714,0.6951817801339288,20.62188950892857,23.120151646205358,22478.378,26163.7056,30290.886199999997
online_shoppers_f17_t500_th1,trees,online_shoppers,17,500,1,xgb_dmatrix,128,36,32.593833116319445,2.7314651692708267,31.08600802951389,36.38102387152778,4042.2754999999997,5825.934499999999,7392.8067500000025
online_shoppers_f17_t500_th1,trees,online_shoppers,17,500,1,cat_sklearn,64,242,8.806182786673553,2.220569860537193,8.249701898243803,15.021998773243801,554.781,1151.01435,2281.277629999998
online_shoppers_f17_t500_th1,trees,online_shoppers,17,500,1,cat_sklearn,16384,10,0.9154625976562499,0.06267064819335944,0.8673723876953124,1.1489695556640624,14893.378499999999,17415.284099999997,27574.365719999983
online_shoppers_f17_t500_th1,trees,online_shoppers,17,500,1,xgb_onnx,16,300,29.306709166666668,2.5128850000000007,27.739455624999998,31.87916895833333,445.7245,644.6336,840.5369899999998
online_shoppers_f17_t500_th1,trees,online_shoppers,17,500,1,lgb_onnx,1,3000,49.21674933333333,4.389184500000006,43.71701633333333,60.66431933333333,44.167,76.89524999999999,123.43988999999938
online_shoppers_f17_t500_th1,trees,online_shoppers,17,500,1,lgb_booster,4096,5,39.32950009765625,10.800602026367187,31.022497607421876,44.52005307617188,158401.092,195116.6735,207653.33386
online_shoppers_f17_t500_th1,trees,online_shoppers,17,500,1,cat_sklearn,128,180,4.847974218749999,0.5583521050347233,4.624491753472222,5.890783029513889,604.511,742.1898,1304.8152200000002
online_shoppers_f17_t500_th1,trees,online_shoppers,17,500,1,lgb_onnx,1024,5,21.755337500000003,0.5568735351562495,21.1179455078125,24.051807812499998,21900.655,24855.1334,27625.326400000005
online_shoppers_f17_t500_th1,trees,online_shoppers,17,500,1,lgb_sklearn,16,86,85.50396802325582,5.850174781976747,79.92661845930232,105.0675777616279,1331.4434999999999,1741.874,2402.535849999998
online_shoppers_f17_t500_th1,trees,online_shoppers,17,500,1,xgb_inplace,4,191,185.9014607329843,14.607098167539277,173.0576884816754,203.98435732984294,705.084,968.156,1213.677
online_shoppers_f17_t500_th1,trees,online_shoppers,17,500,1,lgb_booster,64,68,35.37858777573529,0.8724630055147031,32.76142876838235,36.991627527573534,2156.3405000000002,2867.1719999999996,3325.746079999999
online_shoppers_f17_t500_th1,trees,online_shoppers,17,500,1,lgb_onnx,64,84,24.046651413690476,2.16876590401786,23.288224144345236,31.8789453125,1483.547,2215.2429999999995,2764.712459999998
online_shoppers_f17_t500_th1,trees,online_shoppers,17,500,1,xgb_sklearn,16,80,94.74855390625001,6.961317578125005,90.10044296874999,115.9306078125,1485.6585,2225.74295,3093.7581800000044
online_shoppers_f17_t500_th1,trees,online_shoppers,17,500,1,xgb_dmatrix,16,61,95.88047336065574,8.001611168032795,86.25157889344263,109.03258401639344,1464.441,2204.919,2978.6164999999983
online_shoppers_f17_t500_th1,trees,online_shoppers,17,500,1,xgb_onnx,512,8,35.28603979492188,2.5152122802734382,34.20429711914063,39.21460180664062,18119.436999999998,21702.24845,24099.577319999997
online_shoppers_f17_t500_th1,trees,online_shoppers,17,500,1,lgb_sklearn,4,112,260.26479017857145,97.36771205357147,224.39975223214287,402.90384598214285,1008.353,1787.4775000000004,2498.8640400000004
online_shoppers_f17_t500_th1,trees,online_shoppers,17,500,1,xgb_onnx,256,26,23.35637965745192,1.9244986478365362,21.803226862980768,25.683103215144232,5703.4529999999995,7234.0512499999995,8366.277
online_shoppers_f17_t500_th1,trees,online_shoppers,17,500,1,lgb_booster,2,1019,83.71789106967616,4.629708292443567,78.469649656526,88.55379146221786,149.199,269.1676,409.1206800000001
online_shoppers_f17_t500_th1,trees,online_shoppers,17,500,1,lgb_sklearn,256,15,37.85690104166667,3.9913308593749974,36.251271875,42.309361197916665,9575.043,12829.693399999995,14843.40431999999
online_shoppers_f17_t500_th1,trees,online_shoppers,17,500,1,xgb_onnx,2,2372,53.25733600337268,13.642420004215857,40.59580754637437,69.84913048060709,101.61850000000001,156.34234999999998,294.33140000000003
online_shoppers_f17_t500_th1,trees,online_shoppers,17,500,1,xgb_dmatrix,64,66,40.90617305871212,3.563547111742416,34.7226884469697,44.70412310606061,2517.9475,3516.585,4841.182
online_shoppers_f17_t500_th1,trees,online_shoppers,17,500,1,xgb_inplace,1,223,643.4168206278026,89.67524215246624,423.43476681614345,790.7707488789237,572.243,1095.3084000000001,2380.3168400000004
online_shoppers_f17_t500_th1,trees,online_shoppers,17,500,1,xgb_onnx,8,390,32.09950224358975,3.2742725961538497,30.41033141025641,36.436589423076924,243.2185,360.1961999999999,442.6164199999988
online_shoppers_f17_t500_th1,trees,online_shoppers,17,500,1,cat_onnx,16,285,32.303423245614034,2.1517496710526274,31.579202631578948,36.57638114035088,509.893,688.4750999999998,876.0228799999983
online_shoppers_f17_t500_th1,trees,online_shoppers,17,500,1,lgb_sklearn,32,70,69.39152098214286,11.333817633928575,63.029441517857144,87.83634151785715,2184.767,3378.7036,4082.790079999991
online_shoppers_f17_t500_th1,trees,online_shoppers,17,500,1,xgb_sklearn,2,170,493.64780588235294,54.963302941176494,461.89146470588236,619.7507411764706,918.0029999999999,1567.4575,2179.813199999999
online_shoppers_f17_t500_th1,trees,online_shoppers,17,500,1,xgb_sklearn,32,123,41.22577362804878,5.976275279471551,35.44333155487805,47.30620020325203,1250.324,1964.7515999999994,2675.2729600000002
online_shoppers_f17_t500_th1,trees,online_shoppers,17,500,1,cat_onnx,1024,5,25.89984453125,9.93213115234375,25.261540625000002,43.0567357421875,26798.518,44380.913499999995,46216.37488
online_shoppers_f17_t500_th1,trees,online_shoppers,17,500,1,cat_onnx,4096,5,25.692841894531252,9.229437622070314,24.727098388671877,40.30620014648438,106218.766,170078.132,180436.32098000002
online_shoppers_f17_t500_th1,trees,online_shoppers,17,500,1,cat_sklearn,256,160,3.337840087890625,0.19020827636718796,3.20771220703125,3.7809061279296876,860.0085,1032.63625,1378.1445000000028
online_shoppers_f17_t500_th1,trees,online_shoppers,17,500,1,cat_sklearn,1024,65,1.7828928936298079,0.13939764873798066,1.595406280048077,2.097043269230769,1801.838,2449.7859,3757.4008
online_shoppers_f17_t500_th1,trees,online_shoppers,17,500,1,lgb_booster,4,579,56.009126511226256,2.053206822107086,54.249841105354065,65.32244127806563,213.478,330.81719999999996,467.3253999999997
online_shoppers_f17_t500_th1,trees,online_shoppers,17,500,1,lgb_sklearn,1024,5,37.213258007812506,7.793273437500005,32.517659570312496,45.3103529296875,37930.612,49874.62389999999,52392.3729
online_shoppers_f17_t500_th1,trees,online_shoppers,17,500,1,cat_sklearn,16,272,40.533177389705884,6.600997357536762,34.83737683823529,45.62349494485294,541.6625,1520.8203999999996,2296.442910000002
online_shoppers_f17_t500_th1,trees,online_shoppers,17,500,1,lgb_onnx,4096,5,22.995381201171877,1.2509312500000007,21.25617734375,34.5752861328125,91719.949,138636.1948,146570.19637999998
online_shoppers_f17_t500_th1,trees,online_shoppers,17,500,1,lgb_onnx,4,1182,38.81867470389171,3.0824633037225126,34.99749725042301,43.15247673434856,145.711,231.88884999999996,317.89117999999996
online_shoppers_f17_t500_th1,trees,online_shoppers,17,500,1,lgb_sklearn,1,194,872.7340309278351,54.80132989690719,826.3135618556701,951.7011597938144,840.3935,1230.2727,1512.6041100000004
online_shoppers_f17_t500_th1,trees,online_shoppers,17,500,1,xgb_dmatrix,16384,5,11.979184423828125,0.19325361328125013,11.474958239746094,20.12231936035156,193549.415,341248.03039999993,368548.5515
online_shoppers_f17_t500_th1,trees,online_shoppers,17,500,1,xgb_sklearn,4096,5,23.480969580078128,3.164191186523439,15.47667294921875,25.353891699218753,94906.642,105863.4013,109138.54266
online_shoppers_f17_t500_th1,trees,online_shoppers,17,500,1,xgb_sklearn,64,104,27.51834465144231,3.7137145432692336,24.695982271634616,39.40581475360577,1691.993,3020.6726499999995,3762.4485299999997
online_shoppers_f17_t500_th1,trees,online_shoppers,17,500,1,lgb_onnx,16384,5,26.05120831298828,4.202133099365234,23.05740905761719,35.70208822021484,408605.522,598110.2633,626963.62668
online_shoppers_f17_t500_th1,trees,online_shoppers,17,500,1,cat_onnx,32,135,29.876548611111108,1.882686574074075,28.397601157407408,33.8246912037037,913.617,1381.878,1628.8706400000003
online_shoppers_f17_t500_th1,trees,online_shoppers,17,500,1,xgb_inplace,4096,5,12.027395312500001,1.3531606689453124,10.95121689453125,13.335557470703124,47789.689,62711.93149999998,72137.67048
online_shoppers_f17_t500_th1,trees,online_shoppers,17,500,1,cat_onnx,512,10,26.4406333984375,1.6834068359374967,25.029783203125,29.474510546875,13320.6325,16416.723199999997,19710.12914
online_shoppers_f17_t500_th1,trees,online_shoppers,17,500,1,lgb_onnx,512,13,22.72292082331731,0.8566436298076923,21.82510546875,24.38900480769231,11191.851,13809.689,15094.611200000012
online_shoppers_f17_t500_th1,trees,online_shoppers,17,500,1,cat_sklearn,4,307,173.92815879478826,39.477221498371364,135.0120464169381,207.68448697068402,551.628,1565.0813999999998,2453.450239999999
online_shoppers_f17_t500_th1,trees,online_shoppers,17,500,1,cat_onnx,128,30,44.28906979166667,2.9935953125000054,39.50012161458333,49.15867630208333,5538.9685,6964.045400000002,8070.5428699999975
online_shoppers_f17_t500_th1,trees,online_shoppers,17,500,1,lgb_sklearn,4096,5,33.943333593750005,2.14674448242188,32.4306392578125,36.549676025390625,140187.509,160227.50559999997,166954.08186
online_shoppers_f17_t500_th1,trees,online_shoppers,17,500,1,xgb_inplace,256,38,14.983900699013159,0.314974300986842,14.491689967105263,16.132177220394738,3679.8289999999997,4661.174599999999,5796.196919999999
online_shoppers_f17_t500_th1,trees,online_shoppers,17,500,1,lgb_booster,128,35,45.344373437499996,4.015011718749996,42.472900669642854,53.32592433035714,5843.265,7439.8748,8904.42004
online_shoppers_f17_t500_th1,trees,online_shoppers,17,500,1,lgb_onnx,8,460,49.345494021739135,4.923815353260871,44.019526902173915,51.68321548913044,373.8605,487.053,704.0103
online_shoppers_f17_t500_th1,trees,online_shoppers,17,500,1,lgb_sklearn,8,103,172.4236990291262,67.65266808252431,129.8970400485437,262.81933252427183,1464.998,2117.9497999999994,3275.6758400000094
online_shoppers_f17_t500_th1,trees,online_shoppers,17,500,1,xgb_dmatrix,4096,5,12.45688330078125,0.6774112792968747,11.613663623046875,13.177066455078126,48960.269,61726.81299999999,69506.71502
online_shoppers_f17_t500_th1,trees,online_shoppers,17,500,1,xgb_onnx,16384,5,22.974174340820312,10.684440124511717,22.50377537841797,36.982917749023436,383135.104,605287.4879000001,644694.03408
online_shoppers_f17_t500_th1,trees,online_shoppers,17,500,1,xgb_dmatrix,1,304,515.8989868421053,35.92729111842107,470.02495723684206,679.9485986842105,470.0265,809.6834499999999,1474.08426
online_shoppers_f17_t500_th1,trees,online_shoppers,17,500,1,lgb_sklearn,64,41,53.27332278963415,4.316428925304876,49.992501905487806,66.6564268292683,3239.82,4769.1715,5441.445
online_shoppers_f17_t500_th1,trees,online_shoppers,17,500,1,xgb_sklearn,256,37,15.833318940033783,1.0320835092905405,14.84415793918919,18.06248184121622,3825.096,4977.1322,6613.1079199999995
online_shoppers_f17_t500_th1,trees,online_shoppers,17,500,1,lgb_onnx,2,1447,50.50479509329647,14.062719592259846,38.735865238424324,68.7210387007602,102.456,153.7203999999999,237.8694
online_shoppers_f17_t500_th1,trees,online_shoppers,17,500,1,xgb_onnx,128,31,40.42082157258064,3.2051972026209654,36.98854334677419,44.90176234879033,5032.636,6367.959,7073.992
online_shoppers_f17_t500_th1,trees,online_shoppers,17,500,1,lgb_sklearn,16384,5,36.03504558105468,5.553445874023431,32.21149169921875,48.89710205078125,567208.693,796666.9772,851749.7091600001
online_shoppers_f17_t500_th1,trees,online_shoppers,17,500,1,xgb_inplace,512,20,12.6686380859375,0.5903248046875014,12.282060351562501,14.782760546875,6399.9545,7659.426549999999,10625.7765
online_shoppers_f17_t500_th1,trees,online_shoppers,17,500,1,xgb_dmatrix,2,189,449.85823544973545,126.68887566137562,384.9356349206349,673.8681560846561,887.409,1420.0708999999997,2189.1963399999977
online_shoppers_f17_t500_th1,trees,online_shoppers,17,500,1,xgb_inplace,16384,5,11.352750537109376,0.3333079772949219,10.889865002441406,14.127204687499999,185071.528,223013.9324,313525.45752
online_shoppers_f17_t500_th1,trees,online_shoppers,17,500,1,cat_onnx,2,2062,72.47357977691561,4.232641731328812,67.14261251212415,82.31649612027158,136.11200000000002,202.01865000000006,347.6821399999991
online_shoppers_f17_t500_th1,trees,online_shoppers,17,500,1,lgb_booster,8,338,66.73665606508875,4.864576183431957,53.340218195266274,71.25907618343196,499.453,687.1376999999993,1380.363249999999
online_shoppers_f17_t500_th1,trees,online_shoppers,17,500,1,xgb_dmatrix,8,174,110.11529094827586,9.35893211206897,103.1278591954023,116.3028283045977,843.1075000000001,1143.3563,1513.0587499999974
online_shoppers_f17_t500_th1,trees,online_shoppers,17,500,1,cat_onnx,8,501,37.024133483033935,3.5194348802395155,33.971596806387225,40.022048153692616,282.625,400.096,478.7898999999988
online_shoppers_f17_t500_th1,trees,online_shoppers,17,500,1,xgb_dmatrix,1024,10,12.408142968750001,0.6311269531250012,11.8392111328125,13.516417285156251,12451.284,14652.1523,18242.33294999999
online_shoppers_f17_t500_th1,trees,online_shoppers,17,500,1,xgb_sklearn,1,311,545.526192926045,19.896508038585125,509.1004694533762,584.9368938906753,514.111,762.505,1082.2738000000031
online_shoppers_f17_t500_th1,trees,online_shoppers,17,500,1,xgb_inplace,2,188,375.1393696808511,20.82842819148931,339.6844494680851,390.2247925531915,719.389,921.14675,1310.795889999993
online_shoppers_f17_t500_th1,trees,online_shoppers,17,500,1,lgb_sklearn,512,8,35.323524169921875,7.145362426757806,33.191443359375,46.147663330078124,17988.059500000003,26180.043899999997,27548.783330000002
online_shoppers_f17_t1000_th1,trees,online_shoppers,17,1000,1,xgb_inplace,128,21,58.187212425595234,1.7694354538690362,52.99179724702381,61.45456398809524,7353.909,8501.775,9686.335099999998
online_shoppers_f17_t1000_th1,trees,online_shoppers,17,1000,1,xgb_sklearn,16384,5,23.386649365234373,4.14408840942383,22.038992712402344,42.10694262695313,375682.759,696785.1016,710480.61982
online_shoppers_f17_t1000_th1,trees,online_shoppers,17,1000,1,lgb_booster,512,5,131.74582773437498,10.323133789062496,104.851565625,144.821527734375,68318.278,78259.40759999999,80607.17852
online_shoppers_f17_t1000_th1,trees,online_shoppers,17,1000,1,xgb_inplace,32,78,56.831167868589745,4.630396434294873,52.95945592948718,63.862239583333334,1731.7835,2466.9315,2805.7807199999993
online_shoppers_f17_t1000_th1,trees,online_shoppers,17,1000,1,xgb_inplace,16,107,88.4070648364486,9.653705315420567,83.84668282710281,101.9838019859813,1376.96,1999.9986000000015,2386.8932800000002
online_shoppers_f17_t1000_th1,trees,online_shoppers,17,1000,1,cat_sklearn,2,296,275.3067010135135,13.767913851351352,254.3914054054054,290.3244189189189,516.8395,669.9655,1072.1164999999999
online_shoppers_f17_t1000_th1,trees,online_shoppers,17,1000,1,xgb_sklearn,512,11,24.71577325994318,0.8737124467329522,23.810914417613635,27.49622052556818,12351.258,14916.023,18265.016799999998
online_shoppers_f17_t1000_th1,trees,online_shoppers,17,1000,1,cat_sklearn,512,103,4.352229805066748,1.1694831045206309,3.255890473300971,5.189890283677184,1890.007,4024.844,5034.929760000001
online_shoppers_f17_t1000_th1,trees,online_shoppers,17,1000,1,xgb_onnx,4096,5,47.39592470703125,1.9801153808593739,46.02229619140625,62.59962001953125,195245.818,268649.85809999995,312433.66453999997
online_shoppers_f17_t1000_th1,trees,online_shoppers,17,1000,1,cat_onnx,64,26,94.82106189903847,2.3596234975961465,92.210265625,102.17349939903846,5991.246,7212.432,8071.891749999994
online_shoppers_f17_t1000_th1,trees,online_shoppers,17,1000,1,xgb_sklearn,8,56,298.13241964285714,25.496722098214263,263.64137946428576,338.84169866071426,2233.893,3246.96475,4358.2147
online_shoppers_f17_t1000_th1,trees,online_shoppers,17,1000,1,lgb_booster,256,5,101.72414609375,32.05950390625003,93.14339453125,148.35432968749998,26396.178,37338.04269999999,41697.15238000001
online_shoppers_f17_t1000_th1,trees,online_shoppers,17,1000,1,lgb_sklearn,2,140,567.1020535714285,62.84597142857149,512.3003,729.9782892857143,1076.6805,1834.37135,2574.895139999998
online_shoppers_f17_t1000_th1,trees,online_shoppers,17,1000,1,xgb_sklearn,1024,5,28.532771874999998,3.685336132812502,22.980044921875,32.5352384765625,28923.968,40491.628,41835.1164
online_shoppers_f17_t1000_th1,trees,online_shoppers,17,1000,1,lgb_onnx,32,65,57.788415384615384,4.139914423076931,52.54102836538461,66.7402173076923,1787.115,2570.018799999999,2938.59822
online_shoppers_f17_t1000_th1,trees,online_shoppers,17,1000,1,xgb_dmatrix,256,20,32.280699609375,4.283975097656253,29.0902685546875,37.94219609375,7963.3965,11583.174649999994,14661.996820000002
online_shoppers_f17_t1000_th1,trees,online_shoppers,17,1000,1,cat_sklearn,4096,23,1.8660430748980978,0.4597789678158968,1.6651652725883153,3.334632080078125,7550.283,13479.221799999976,19020.845719999987
online_shoppers_f17_t1000_th1,trees,online_shoppers,17,1000,1,lgb_booster,1024,5,112.9903935546875,30.34287041015625,100.3436125,143.906788671875,117386.637,152062.5148,160449.42506
online_shoppers_f17_t1000_th1,trees,online_shoppers,17,1000,1,cat_onnx,4,415,95.45663554216867,15.690273493975894,90.26776144578314,127.95646686746987,370.232,656.9774000000002,957.7228399999983
online_shoppers_f17_t1000_th1,trees,online_shoppers,17,1000,1,lgb_booster,16,84,112.91066592261906,10.000289806547642,105.18549925595238,123.23270163690476,1738.1535,2396.2736999999997,2874.80397
online_shoppers_f17_t1000_th1,trees,online_shoppers,17,1000,1,lgb_booster,1,711,215.45541772151898,40.88268635724336,194.77731504922644,531.0257988748242,184.577,430.863,773.8916000000004
online_shoppers_f17_t1000_th1,trees,online_shoppers,17,1000,1,xgb_inplace,8,103,279.0263337378641,81.5372287621359,184.97320388349516,366.8526237864078,1996.615,3513.226999999998,4654.373360000014
online_shoppers_f17_t1000_th1,trees,online_shoppers,17,1000,1,xgb_sklearn,4,53,685.7966367924528,73.72054481132079,598.1857830188679,839.7408301886793,2521.173,4306.3026,5986.216739999978
online_shoppers_f17_t1000_th1,trees,online_shoppers,17,1000,1,cat_sklearn,1,213,663.5384178403756,48.11968779342715,587.4401314553991,692.5134553990611,557.005,1122.0124,1702.2670399999984
online_shoppers_f17_t1000_th1,trees,online_shoppers,17,1000,1,cat_sklearn,8,195,106.69672884615385,29.950529487179494,90.31920448717949,142.43595705128206,728.266,1789.739,2835.31528
online_shoppers_f17_t1000_th1,trees,online_shoppers,17,1000,1,cat_onnx,256,9,62.70566579861111,5.269786241319451,54.65495876736111,66.98961067708333,15397.85,19926.2036,22195.215739999996
online_shoppers_f17_t1000_th1,trees,online_shoppers,17,1000,1,cat_onnx,16384,5,54.8454862915039,11.783000134277344,50.290984460449216,74.17250906982422,859173.694,1328011.8225999998,1347170.35186
online_shoppers_f17_t1000_th1,trees,online_shoppers,17,1000,1,cat_onnx,1,1248,161.23618990384617,55.932165865384604,142.41039583333335,259.60628685897433,165.45350000000002,298.90954999999997,431.8897399999973
online_shoppers_f17_t1000_th1,trees,online_shoppers,17,1000,1,xgb_onnx,64,27,83.5521261574074,12.305932581018524,73.45074710648147,95.59238368055556,5164.707,7027.721399999999,8467.228080000003
online_shoppers_f17_t1000_th1,trees,online_shoppers,17,1000,1,cat_sklearn,32,204,25.87485768995098,4.2505169270833285,21.199059895833333,30.47797686887255,637.9285,2008.7291999999998,2755.620610000003
online_shoppers_f17_t1000_th1,trees,online_shoppers,17,1000,1,lgb_booster,32,34,104.88060661764706,47.06163235294119,102.74748161764707,160.62219393382352,3460.3689999999997,5763.132849999999,6524.655469999999
online_shoppers_f17_t1000_th1,trees,online_shoppers,17,1000,1,lgb_onnx,128,18,44.70607769097222,2.3071605902777748,43.25906944444444,49.84115581597222,5619.601,7091.2023,7923.32816
online_shoppers_f17_t1000_th1,trees,online_shoppers,17,1000,1,lgb_onnx,16,166,53.848974774096384,2.3405982680722914,52.00976355421687,59.3644250753012,840.623,1105.991,1266.8410000000001
online_shoppers_f17_t1000_th1,trees,online_shoppers,17,1000,1,xgb_onnx,32,89,54.26438693820224,1.7714957865168444,51.21366643258427,59.68924473314606,1671.835,2214.4550999999974,2533.04324
online_shoppers_f17_t1000_th1,trees,online_shoppers,17,1000,1,xgb_dmatrix,32,76,60.71606208881579,2.647430509868421,55.50808552631579,67.409796875,1863.6705000000002,2711.47525,3349.08195
online_shoppers_f17_t1000_th1,trees,online_shoppers,17,1000,1,lgb_onnx,256,12,44.83394856770833,3.3456285807291692,42.958755208333336,50.59240104166666,11186.02,14522.763949999995,16637.999639999998
online_shoppers_f17_t1000_th1,trees,online_shoppers,17,1000,1,xgb_dmatrix,4,111,416.42908108108105,80.326865990991,343.8557522522523,527.2125765765766,1562.473,2154.389,3207.7637999999984
online_shoppers_f17_t1000_th1,trees,online_shoppers,17,1000,1,xgb_sklearn,128,23,55.90965828804348,3.7795597826086933,50.96130706521739,63.56020482336957,7167.178,9403.831999999999,10329.363439999996
online_shoppers_f17_t1000_th1,trees,online_shoppers,17,1000,1,lgb_sklearn,128,8,150.870505859375,14.792487792968757,139.148890625,187.888544921875,18981.097,24757.87014999999,27667.562029999997
online_shoppers_f17_t1000_th1,trees,online_shoppers,17,1000,1,xgb_dmatrix,512,11,26.698153586647727,2.4556715198863657,24.552111505681818,32.52266157670454,13286.901,17891.864,18987.241
online_shoppers_f17_t1000_th1,trees,online_shoppers,17,1000,1,xgb_inplace,64,60,36.87043932291667,2.7851289062500086,35.92764609375,43.103587760416666,2331.1955,3182.3988,3917.5335299999992
online_shoppers_f17_t1000_th1,trees,online_shoppers,17,1000,1,xgb_onnx,1024,5,45.970676562499996,1.8482961914062486,44.3141482421875,50.7797607421875,47306.42,54109.2186,58704.00774
online_shoppers_f17_t1000_th1,trees,online_shoppers,17,1000,1,lgb_booster,16384,5,113.43505821533203,11.114507391357407,97.86764835205078,119.52330020751953,1662677.949,2256662.568,2276796.01758
online_shoppers_f17_t1000_th1,trees,online_shoppers,17,1000,1,xgb_onnx,4,491,79.49972454175152,7.881375254582494,72.63394959266803,88.47618126272913,292.839,480.631,729.958
online_shoppers_f17_t1000_th1,trees,online_shoppers,17,1000,1,xgb_onnx,1,2248,95.50629492882562,7.461678158362986,85.84729492882562,102.59905026690392,88.83500000000001,144.9393,214.86003999999969
online_shoppers_f17_t1000_th1,trees,online_shoppers,17,1000,1,xgb_inplace,1024,5,25.1090529296875,2.4981244140624987,22.8021001953125,47.707441210937496,25531.068,48160.859,50696.21622
online_shoppers_f17_t1000_th1,trees,online_shoppers,17,1000,1,xgb_dmatrix,128,20,56.104619140625,2.6874488281250066,54.115513671875,65.106812890625,7110.013000000001,8894.2902,10355.88406
online_shoppers_f17_t1000_th1,trees,online_shoppers,17,1000,1,cat_sklearn,64,214,11.039147926401869,4.137013580607478,10.171252555490653,16.324709404205606,682.6185,1616.8650499999997,2464.42655
online_shoppers_f17_t1000_th1,trees,online_shoppers,17,1000,1,cat_sklearn,16384,6,1.3574234517415364,0.07521878051757813,1.3104969278971355,1.7287091471354168,22180.271500000003,24957.53825,37600.492299999816
online_shoppers_f17_t1000_th1,trees,online_shoppers,17,1000,1,xgb_onnx,16,159,59.89035966981132,3.6034815251572354,56.16086006289308,68.44561674528302,911.16,1272.2345999999998,1608.6810399999995
online_shoppers_f17_t1000_th1,trees,online_shoppers,17,1000,1,lgb_onnx,1,1592,108.50395603015076,12.238667399497487,99.48016771356784,121.8706959798995,98.732,168.2858,257.43363999999985
online_shoppers_f17_t1000_th1,trees,online_shoppers,17,1000,1,lgb_booster,4096,5,107.94313237304688,19.620121459960927,97.39142944335937,143.92816030273437,433012.619,622096.1829,647586.7380400001
online_shoppers_f17_t1000_th1,trees,online_shoppers,17,1000,1,cat_sklearn,128,97,6.860473340850516,1.124500402706186,5.892197164948454,8.291441043814434,819.313,1385.8774999999996,1901.098539999999
online_shoppers_f17_t1000_th1,trees,online_shoppers,17,1000,1,lgb_onnx,1024,5,45.585915234375,8.517590527343756,42.865493359375,69.269091796875,46423.716,71522.72639999999,78545.01964
online_shoppers_f17_t1000_th1,trees,online_shoppers,17,1000,1,lgb_sklearn,16,26,240.31851201923078,19.16013221153844,210.6429182692308,299.7657860576923,3686.0175,4927.431500000001,6199.711449999997
online_shoppers_f17_t1000_th1,trees,online_shoppers,17,1000,1,xgb_inplace,4,71,441.1291021126761,28.995117957746515,403.26814084507043,524.8943908450705,1717.946,2395.104,3357.255000000001
online_shoppers_f17_t1000_th1,trees,online_shoppers,17,1000,1,lgb_booster,64,17,143.47861213235296,40.021449448529395,100.54071415441176,156.60300091911765,8764.056,11047.815999999997,12316.43965999999
online_shoppers_f17_t1000_th1,trees,online_shoppers,17,1000,1,lgb_onnx,64,48,47.5851083984375,1.9175431315104206,46.12602180989584,52.19872265625,2973.468,3598.612399999999,4213.01688
online_shoppers_f17_t1000_th1,trees,online_shoppers,17,1000,1,xgb_sklearn,16,94,106.70523603723404,8.537095412234038,94.24453590425532,114.11820877659574,1610.289,2282.9014999999995,2713.4765599999996
online_shoppers_f17_t1000_th1,trees,online_shoppers,17,1000,1,xgb_dmatrix,16,77,113.50703409090909,14.145954951298691,101.88525974025974,131.87712094155845,1728.524,2673.466099999998,3381.310099999996
online_shoppers_f17_t1000_th1,trees,online_shoppers,17,1000,1,xgb_onnx,512,6,46.736535807291666,1.4034370117187578,44.8455615234375,49.52414680989584,23670.8925,25863.1825,29456.36344999997
online_shoppers_f17_t1000_th1,trees,online_shoppers,17,1000,1,lgb_sklearn,4,69,324.9507282608696,21.158782608695674,297.1104456521739,360.44509420289853,1226.867,1783.1290999999999,2369.2191199999947
online_shoppers_f17_t1000_th1,trees,online_shoppers,17,1000,1,xgb_onnx,256,10,49.0492796875,1.676218945312499,46.663653906250005,58.780068359375,12134.396499999999,16789.898849999998,18589.48154
online_shoppers_f17_t1000_th1,trees,online_shoppers,17,1000,1,lgb_booster,2,326,202.9086119631902,9.121714723926402,183.22095858895705,230.06931595092024,383.575,528.2339999999999,877.5349
online_shoppers_f17_t1000_th1,trees,online_shoppers,17,1000,1,lgb_sklearn,256,5,141.00654921875,10.771615625000038,129.02965390625,159.28777421875,36356.153,42106.4078,47449.952280000005
online_shoppers_f17_t1000_th1,trees,online_shoppers,17,1000,1,xgb_onnx,2,672,111.79234375,39.91385081845239,77.05265327380953,130.174828125,207.112,275.4756,413.5393
online_shoppers_f17_t1000_th1,trees,online_shoppers,17,1000,1,xgb_dmatrix,64,51,41.015494178921564,3.219760723039208,38.827867034313726,50.59380238970588,2538.293,3353.167,4575.2354
online_shoppers_f17_t1000_th1,trees,online_shoppers,17,1000,1,xgb_inplace,1,289,522.9509100346021,55.06262629757782,500.68322837370243,644.7075709342561,499.473,833.5398999999999,1349.750199999998
online_shoppers_f17_t1000_th1,trees,online_shoppers,17,1000,1,xgb_onnx,8,276,67.65252898550725,3.720916893115941,61.502229166666666,73.4922821557971,527.1855,691.9145,818.88125
online_shoppers_f17_t1000_th1,trees,online_shoppers,17,1000,1,cat_onnx,16,137,67.4823102189781,11.329690921532858,59.105053375912405,88.9085980839416,1043.654,1752.3517000000002,2103.8383
online_shoppers_f17_t1000_th1,trees,online_shoppers,17,1000,1,lgb_sklearn,32,33,178.3966893939394,40.91426278409094,133.05535132575756,195.55465151515153,5512.823,6437.3616999999995,7780.684339999999
online_shoppers_f17_t1000_th1,trees,online_shoppers,17,1000,1,xgb_sklearn,2,78,982.3261666666666,123.96527884615386,839.70575,1383.1815833333333,1795.7415,3198.6336499999998,4376.332089999996
online_shoppers_f17_t1000_th1,trees,online_shoppers,17,1000,1,xgb_sklearn,32,47,119.74341954787234,15.79436402925532,98.14865558510638,135.50860505319147,3628.791,5555.6736,6210.90504
online_shoppers_f17_t1000_th1,trees,online_shoppers,17,1000,1,cat_onnx,1024,5,54.88059765625,4.030877343749999,51.453772265625,63.2325439453125,55604.9,70196.5142,76171.98964000001
online_shoppers_f17_t1000_th1,trees,online_shoppers,17,1000,1,cat_onnx,4096,5,51.93029497070312,19.117698828124993,50.090176855468755,84.9200671875,215522.152,354906.4668,368348.31282
online_shoppers_f17_t1000_th1,trees,online_shoppers,17,1000,1,cat_sklearn,256,142,4.17378105743838,0.4673260618397892,3.849970097931338,4.8616732779489436,1024.8805,1311.7707999999993,1997.128479999998
online_shoppers_f17_t1000_th1,trees,online_shoppers,17,1000,1,cat_sklearn,1024,58,2.540355014143319,0.3128516971982762,2.1975689150053883,2.9024360519935346,2334.8940000000002,3370.8514999999998,4709.737939999999
online_shoppers_f17_t1000_th1,trees,online_shoppers,17,1000,1,lgb_booster,4,316,128.94285838607595,6.418261075949374,120.8398536392405,140.5491226265823,499.9665,659.617,775.38375
online_shoppers_f17_t1000_th1,trees,online_shoppers,17,1000,1,lgb_sklearn,1024,5,114.9270548828125,31.66966386718748,97.1645767578125,140.261587109375,118647.439,148529.9595,155644.64326
online_shoppers_f17_t1000_th1,trees,online_shoppers,17,1000,1,cat_sklearn,16,315,35.91182817460317,2.076211805555559,34.41079107142857,40.316876587301586,561.722,752.5565999999998,1221.8879200000003
online_shoppers_f17_t1000_th1,trees,online_shoppers,17,1000,1,lgb_onnx,4096,5,46.47563344726562,19.49046040039063,43.871063671875,66.53411591796875,188736.052,282988.0115,289251.98476
online_shoppers_f17_t1000_th1,trees,online_shoppers,17,1000,1,lgb_onnx,4,326,77.64318865030675,4.859099309815946,69.83599539877301,88.46123926380368,298.3285,445.94875,597.6150500000008
online_shoppers_f17_t1000_th1,trees,online_shoppers,17,1000,1,lgb_sklearn,1,178,931.2338483146067,85.08910112359536,817.7011685393259,1022.4056123595506,896.9375,1265.1921499999996,1526.2741800000001
online_shoppers_f17_t1000_th1,trees,online_shoppers,17,1000,1,xgb_dmatrix,16384,5,23.669840112304687,8.438280688476567,22.48883996582031,47.42805568847656,392122.954,755335.9926,815610.6722000001
online_shoppers_f17_t1000_th1,trees,online_shoppers,17,1000,1,xgb_sklearn,4096,5,31.4215341796875,17.981164160156247,22.109430126953125,44.97832290039062,159906.961,184892.98500000002,188093.96354
online_shoppers_f17_t1000_th1,trees,online_shoppers,17,1000,1,xgb_sklearn,64,55,40.09425454545455,2.317781960227272,36.32054346590909,46.055478125,2464.544,3417.4399999999996,4294.297400000002
online_shoppers_f17_t1000_th1,trees,online_shoppers,17,1000,1,lgb_onnx,16384,5,47.14970458984375,12.889328106689447,43.77272406005859,67.27729891357423,740817.031,1189979.9427,1204017.81584
online_shoppers_f17_t1000_th1,trees,online_shoppers,17,1000,1,cat_onnx,32,41,104.6331455792683,4.27445198170733,87.55054725609756,121.28964634146342,3287.191,4362.8515,5367.5395
online_shoppers_f17_t1000_th1,trees,online_shoppers,17,1000,1,xgb_inplace,4096,5,22.625031103515628,1.5661023925781237,21.598236474609372,27.318714453125,91114.128,115110.72739999999,130038.18596000002
online_shoppers_f17_t1000_th1,trees,online_shoppers,17,1000,1,cat_onnx,512,5,49.961541015625,1.8315761718750068,48.41382265625,55.179376171875006,25189.754,28556.593399999998,33180.284960000005
online_shoppers_f17_t1000_th1,trees,online_shoppers,17,1000,1,lgb_onnx,512,6,45.688955403645835,1.9294916992187439,43.3181201171875,50.4765458984375,22919.072999999997,27737.992749999998,30691.926849999996
online_shoppers_f17_t1000_th1,trees,online_shoppers,17,1000,1,cat_sklearn,4,261,202.08424616858238,20.527898467432948,190.26355076628354,270.2425804597701,626.559,2037.42,2962.6756000000064
online_shoppers_f17_t1000_th1,trees,online_shoppers,17,1000,1,cat_onnx,128,14,83.6581439732143,7.104030133928575,78.33509375,99.3823515625,10945.503,13173.1107,16260.07317
online_shoppers_f17_t1000_th1,trees,online_shoppers,17,1000,1,lgb_sklearn,4096,5,104.573952734375,18.885013476562506,96.89612338867187,131.0389455078125,417708.501,549574.7053,571534.14838
online_shoppers_f17_t1000_th1,trees,online_shoppers,17,1000,1,xgb_inplace,256,11,49.765575284090914,5.255351562500003,29.230382102272728,53.3767578125,12299.575,15822.854,17622.589
online_shoppers_f17_t1000_th1,trees,online_shoppers,17,1000,1,lgb_booster,128,12,108.171388671875,14.566062825520845,96.31031640625,127.32349609375,13472.2765,18234.251049999995,19987.96598
online_shoppers_f17_t1000_th1,trees,online_shoppers,17,1000,1,lgb_onnx,8,280,63.55842321428572,3.9868859374999985,60.18874330357143,72.00802589285715,480.7265,714.1049499999999,900.9833699999999
online_shoppers_f17_t1000_th1,trees,online_shoppers,17,1000,1,lgb_sklearn,8,76,227.03344243421054,24.191495065789468,202.42475328947367,291.434875,1736.618,2493.154,3184.4483499999997
online_shoppers_f17_t1000_th1,trees,online_shoppers,17,1000,1,xgb_dmatrix,4096,5,24.570788769531248,18.50769946289063,22.149521484375,43.40387416992187,99925.121,181676.1323,188463.98304000002
online_shoppers_f17_t1000_th1,trees,online_shoppers,17,1000,1,xgb_onnx,16384,5,49.2983834350586,11.847092883300789,46.381990246582035,68.84601395263671,791830.858,1198650.0316,1221195.19194
online_shoppers_f17_t1000_th1,trees,online_shoppers,17,1000,1,xgb_dmatrix,1,132,908.7014696969698,45.91179545454543,862.9718257575759,1168.0952727272727,865.4625,1386.67445,2209.9067800000003
online_shoppers_f17_t1000_th1,trees,online_shoppers,17,1000,1,lgb_sklearn,64,13,152.66452644230768,7.450947115384622,144.0815661057692,179.22865865384617,9718.515,12403.996800000003,15185.71566000001
online_shoppers_f17_t1000_th1,trees,online_shoppers,17,1000,1,xgb_sklearn,256,11,51.589811079545456,5.226610262784092,29.840461292613636,57.008267045454545,13110.744,15606.807,17553.3356
online_shoppers_f17_t1000_th1,trees,online_shoppers,17,1000,1,lgb_onnx,2,801,91.29733895131086,4.611813358302101,85.42308551810237,97.83279650436954,170.552,266.806,399.3844999999999
online_shoppers_f17_t1000_th1,trees,online_shoppers,17,1000,1,xgb_onnx,128,25,47.0481409375,2.121322343749995,45.236951874999995,49.661493125,5847.607,7132.2302,8349.9939
online_shoppers_f17_t1000_th1,trees,online_shoppers,17,1000,1,lgb_sklearn,16384,5,112.97583764648438,7.338183245849606,96.25016555175782,124.37780718994141,1664725.325,2306625.4987,2417160.8621799997
online_shoppers_f17_t1000_th1,trees,online_shoppers,17,1000,1,xgb_inplace,512,10,24.885307421875,0.924985839843746,23.50826953125,26.993351953125,12216.916000000001,15389.84915,19465.44148999999
online_shoppers_f17_t1000_th1,trees,online_shoppers,17,1000,1,xgb_dmatrix,2,128,651.1517734375,50.63133398437503,592.32521484375,708.8474609375,1217.0245,1724.2958499999995,2167.5858900000007
online_shoppers_f17_t1000_th1,trees,online_shoppers,17,1000,1,xgb_inplace,16384,5,25.23482647705078,9.400334228515625,22.722790380859376,42.450080236816405,413300.94,751689.6597,798464.94476
online_shoppers_f17_t1000_th1,trees,online_shoppers,17,1000,1,cat_onnx,2,747,119.58714457831326,7.705677041499314,107.5407469879518,150.42245314591702,224.893,385.71899999999994,632.1420400000002
online_shoppers_f17_t1000_th1,trees,online_shoppers,17,1000,1,lgb_booster,8,133,146.36630357142857,37.972472274436086,111.69193045112782,177.90234586466164,1155.101,1549.2964,2510.9839999999976
online_shoppers_f17_t1000_th1,trees,online_shoppers,17,1000,1,xgb_dmatrix,8,69,279.5346177536232,15.042008152173878,254.64446739130435,309.3144438405797,2141.678,3127.1573000000003,4234.529999999993
online_shoppers_f17_t1000_th1,trees,online_shoppers,17,1000,1,cat_onnx,8,175,137.00958,8.993355357142832,126.78936428571429,164.46444285714287,1014.464,1834.9723999999997,2975.2252399999998
online_shoppers_f17_t1000_th1,trees,online_shoppers,17,1000,1,xgb_dmatrix,1024,6,23.540272298177083,1.8900146484375,22.32168017578125,26.88487223307292,23838.1495,27908.44025,43301.21735
online_shoppers_f17_t1000_th1,trees,online_shoppers,17,1000,1,xgb_sklearn,1,254,666.9990669291338,46.83638779527553,611.2313346456693,759.9225354330708,610.7139999999999,968.61155,1487.7925700000008
online_shoppers_f17_t1000_th1,trees,online_shoppers,17,1000,1,xgb_inplace,2,118,581.5840635593221,57.743529661016964,525.3498686440678,639.4989025423729,1086.8525,1594.82395,1985.4512499999996
online_shoppers_f17_t1000_th1,trees,online_shoppers,17,1000,1,lgb_sklearn,512,5,100.07033671875,3.2458078125000043,95.820255859375,103.429332421875,50482.771,60342.6046,62760.23606
synthetic_f20_t100_th1,features,synthetic,20,100,1,xgb_inplace,128,151,8.321269867549669,0.5524631105132443,7.468104563327815,9.205833350579471,987.591,1446.88,2653.924400000007
synthetic_f20_t100_th1,features,synthetic,20,100,1,xgb_sklearn,16384,5,2.134844519042969,0.04792309570312536,2.0616489013671875,2.331526965332031,34352.019,37787.0874,43800.94112
synthetic_f20_t100_th1,features,synthetic,20,100,1,lgb_booster,512,30,7.78749296875,0.3521138671874988,7.4641193359375,8.342016666666666,3879.318,4854.2379,5038.153539999999
synthetic_f20_t100_th1,features,synthetic,20,100,1,xgb_inplace,32,362,13.380931370856354,1.1318687845303863,12.732998187154697,14.54106111878453,402.54449999999997,594.7073499999999,835.8698600000005
synthetic_f20_t100_th1,features,synthetic,20,100,1,xgb_inplace,16,419,25.207164081145585,1.7075463156324595,22.6410147673031,25.813422583532223,367.91,528.9929999999999,797.7295600000003
synthetic_f20_t100_th1,features,synthetic,20,100,1,cat_sklearn,2,336,267.185412202381,23.043403273809588,228.05821577380954,280.31975,464.9785,835.8892500000001,1353.5358000000008
synthetic_f20_t100_th1,features,synthetic,20,100,1,xgb_sklearn,512,88,3.839255060369318,2.5983916126598015,3.172079168146307,6.678131880326705,1830.176,3346.8116,5153.250290000006
synthetic_f20_t100_th1,features,synthetic,20,100,1,cat_sklearn,512,164,2.0598714391196644,0.42877583126905483,1.693953339367378,2.5666085413490856,857.02,2125.9586999999997,2940.134550000001
synthetic_f20_t100_th1,features,synthetic,20,100,1,xgb_onnx,4096,5,7.859430029296875,0.27819152832031335,7.478866748046875,8.643710986328125,32292.676,35091.418999999994,37062.8353
synthetic_f20_t100_th1,features,synthetic,20,100,1,cat_onnx,64,355,6.919129093309859,0.561064986795774,6.20463798415493,7.2569143485915495,419.213,574.8591999999996,679.7366000000001
synthetic_f20_t100_th1,features,synthetic,20,100,1,xgb_sklearn,8,289,66.99265138408305,6.021189230103815,60.37553719723183,69.74642949826989,485.208,699.7288,1109.3672599999966
synthetic_f20_t100_th1,features,synthetic,20,100,1,lgb_booster,256,71,7.879872634242958,0.32069547755281747,7.569711597711268,8.226066131161971,1940.325,2397.584,2827.655200000004
synthetic_f20_t100_th1,features,synthetic,20,100,1,lgb_sklearn,2,208,379.76893028846155,27.21023798076925,355.2390288461539,473.67587740384613,726.7945,1137.261500000001,1517.3903900000007
synthetic_f20_t100_th1,features,synthetic,20,100,1,xgb_sklearn,1024,53,2.8617707473466982,0.3129556677476413,2.674856776975236,3.6161500405365565,2821.655,4164.897499999998,5786.9317599999995
synthetic_f20_t100_th1,features,synthetic,20,100,1,lgb_onnx,32,248,8.873819430443548,1.0915221774193533,8.490073084677418,10.870894027217743,278.0185,341.12965,465.7953000000002
synthetic_f20_t100_th1,features,synthetic,20,100,1,xgb_dmatrix,256,55,7.9552517045454545,0.8991399147727268,6.7563219460227275,8.600708380681818,1924.808,2533.2353999999987,3637.548200000013
synthetic_f20_t100_th1,features,synthetic,20,100,1,cat_sklearn,4096,29,1.277545906856142,0.2834904995622305,1.0431257745150864,1.4786300427667027,4788.841,7724.357799999996,8960.22054
synthetic_f20_t100_th1,features,synthetic,20,100,1,lgb_booster,1024,15,9.940657942708333,2.0762309570312496,7.4145759765624994,11.1928990234375,9900.558,11970.329799999998,12956.07863999999
synthetic_f20_t100_th1,features,synthetic,20,100,1,cat_onnx,4,3000,11.445346166666667,1.3616589999999995,10.36189575,12.51142575,42.7305,65.1194,105.45615999999998
synthetic_f20_t100_th1,features,synthetic,20,100,1,lgb_booster,16,832,11.961610201322115,0.6138779672475962,10.348498948317308,12.361914663461539,176.58499999999998,270.2837,367.01029
synthetic_f20_t100_th1,features,synthetic,20,100,1,lgb_booster,1,2081,56.24780538202787,5.889620855358004,49.870617972128784,62.28217491590581,50.519,87.7115,146.4433
synthetic_f20_t100_th1,features,synthetic,20,100,1,xgb_inplace,8,416,47.52135967548077,4.836509164663461,44.954044771634614,53.5460225360577,354.874,536.6345,1142.4355
synthetic_f20_t100_th1,features,synthetic,20,100,1,xgb_sklearn,4,234,125.08980341880343,5.808001602564104,117.09434722222223,146.1545534188034,475.703,687.50335,1312.2363399999997
synthetic_f20_t100_th1,features,synthetic,20,100,1,cat_sklearn,1,413,374.49087893462473,21.300884987893426,343.59206053268764,388.92300726392256,342.134,498.97769999999974,712.5757
synthetic_f20_t100_th1,features,synthetic,20,100,1,cat_sklearn,8,334,83.63255726047903,14.959431886227549,74.97124625748503,103.80349812874252,530.5095,1549.63765,2321.7128999999995
synthetic_f20_t100_th1,features,synthetic,20,100,1,cat_onnx,256,46,10.229577955163045,1.494740658967391,9.112022758152174,11.92061430027174,2541.617,3764.11325,4640.721799999999
synthetic_f20_t100_th1,features,synthetic,20,100,1,cat_onnx,16384,5,5.947708410644531,0.12870818481445312,5.794433142089844,6.135142736816406,96397.751,106938.5015,109276.94840000001
synthetic_f20_t100_th1,features,synthetic,20,100,1,cat_onnx,1,3000,18.548832666666666,2.7990373333333345,17.839551333333333,21.906694666666667,16.935,27.990199999999994,50.260209999999965
synthetic_f20_t100_th1,features,synthetic,20,100,1,xgb_onnx,64,400,5.903035859375,0.6390395898437502,5.175799140625,6.696162500000001,364.7175,527.3334500000003,640.6925200000001
synthetic_f20_t100_th1,features,synthetic,20,100,1,cat_sklearn,32,260,20.160228485576926,3.585799939903847,16.028242908653848,27.97132560096154,529.2505,1425.2779499999997,2256.1095299999956
synthetic_f20_t100_th1,features,synthetic,20,100,1,lgb_booster,32,371,12.845285714285714,1.4967048938679248,11.752033018867925,15.22296133760108,385.064,587.885,1206.0011999999958
synthetic_f20_t100_th1,features,synthetic,20,100,1,lgb_onnx,128,150,8.267056666666667,0.47617588541666667,7.418265104166667,8.622567916666666,1027.2475,1248.6408,2005.11385
synthetic_f20_t100_th1,features,synthetic,20,100,1,lgb_onnx,16,827,8.107642911124547,2.6650296629383323,7.498779549576783,11.128357164449818,124.48,203.88459999999992,377.1293599999997
synthetic_f20_t100_th1,features,synthetic,20,100,1,xgb_onnx,32,347,6.645411653458214,0.22603629322766672,6.133034041786744,7.646086725504323,201.574,300.687,401.8185200000006
synthetic_f20_t100_th1,features,synthetic,20,100,1,xgb_dmatrix,32,290,16.86037047413793,2.074417887931034,15.974149676724139,19.869695150862068,528.5675,780.8450999999998,1080.043020000018
synthetic_f20_t100_th1,features,synthetic,20,100,1,lgb_onnx,256,110,5.174774005681819,0.3257416548295451,5.023655681818181,5.604186683238637,1280.9365,1758.7366999999997,1913.3606800000002
synthetic_f20_t100_th1,features,synthetic,20,100,1,xgb_dmatrix,4,319,125.39854937304075,14.217820141065843,111.67062852664577,144.9585501567398,443.652,814.0915999999996,1356.34212
synthetic_f20_t100_th1,features,synthetic,20,100,1,xgb_sklearn,128,197,6.694865442576142,0.41145609930203086,6.052574793781726,7.376553815038071,805.518,1241.8869,1728.0022400000028
synthetic_f20_t100_th1,features,synthetic,20,100,1,lgb_sklearn,128,72,14.230742838541666,3.1061920572916666,13.2584150390625,21.249610243055553,1780.267,2656.9375999999984,4335.7661400000015
synthetic_f20_t100_th1,features,synthetic,20,100,1,xgb_dmatrix,512,49,6.409660714285715,0.3170131935586733,6.084593670280612,6.750567960778061,3278.893,3749.8832999999995,4667.393360000001
synthetic_f20_t100_th1,features,synthetic,20,100,1,xgb_inplace,64,190,12.454450740131579,0.41581768092105165,11.071695888157894,13.8272359375,747.3515,1039.5109,2161.0743700000016
synthetic_f20_t100_th1,features,synthetic,20,100,1,xgb_onnx,1024,17,5.773170266544118,2.7907993451286766,4.910954446231618,8.198484087775736,5954.72,9056.3535,11100.280039999998
synthetic_f20_t100_th1,features,synthetic,20,100,1,lgb_booster,16384,5,7.536207287597656,0.09414354248046841,7.379459265136719,7.958080883789063,122363.986,133272.9054,142038.16566
synthetic_f20_t100_th1,features,synthetic,20,100,1,xgb_onnx,4,3000,10.033162166666667,0.7031219583333321,9.359224666666666,10.909655833333334,37.518,56.443099999999994,88.3421799999998
synthetic_f20_t100_th1,features,synthetic,20,100,1,xgb_onnx,1,642,29.11984890965732,5.515855140186922,25.139881619937697,36.599154205607476,25.177999999999997,39.392449999999975,72.19923000000014
synthetic_f20_t100_th1,features,synthetic,20,100,1,xgb_inplace,1024,28,4.913059151785714,0.290147077287946,4.54721794782366,5.710284109933036,4857.289,5984.7625499999995,7294.642280000001
synthetic_f20_t100_th1,features,synthetic,20,100,1,xgb_dmatrix,128,79,10.49289705300633,1.8135350079113923,9.85821954113924,12.393239022943039,1273.149,2105.6602,3318.520519999991
synthetic_f20_t100_th1,features,synthetic,20,100,1,cat_sklearn,64,260,11.653878605769231,1.5272000901442304,10.691004987980769,13.402782932692308,570.998,1803.0144499999994,2709.903709999999
synthetic_f20_t100_th1,features,synthetic,20,100,1,cat_sklearn,16384,17,0.5503567074046415,0.03166674625172328,0.5057791712143842,0.6483232457778033,8726.278,11582.2028,16630.574279999946
synthetic_f20_t100_th1,features,synthetic,20,100,1,xgb_onnx,16,1520,7.242408223684211,0.3655092722039477,6.85462306743421,8.192058429276315,108.3035,171.15175,314.98570000000115
synthetic_f20_t100_th1,features,synthetic,20,100,1,lgb_onnx,1,3000,19.668586333333334,0.8071021666666667,18.111242999999998,24.841115000000002,17.647,28.071,53.96945999999993
synthetic_f20_t100_th1,features,synthetic,20,100,1,lgb_booster,4096,5,7.6463126953125,0.2799880371093737,7.5003916015625,8.090323193359374,31443.011,34041.0072,35235.57658
synthetic_f20_t100_th1,features,synthetic,20,100,1,cat_sklearn,128,304,4.799047723067434,1.833005114103619,4.070389622738487,7.402456157483552,541.12,1477.6375499999992,2344.449110000009
synthetic_f20_t100_th1,features,synthetic,20,100,1,lgb_onnx,1024,16,8.480515258789062,0.9211925048828125,7.398290161132812,9.943950927734376,8515.528,11372.467,13135.833999999999
synthetic_f20_t100_th1,features,synthetic,20,100,1,lgb_sklearn,16,120,86.35293958333334,11.494085156249994,74.23973072916667,93.84262291666666,1240.946,2055.3119999999994,3329.0370199999993
synthetic_f20_t100_th1,features,synthetic,20,100,1,xgb_inplace,4,270,99.4889,37.59926250000001,94.95524351851851,157.10444814814812,415.49300000000005,616.3126,1397.4147399999997
synthetic_f20_t100_th1,features,synthetic,20,100,1,lgb_booster,64,265,9.417289445754717,0.5529443396226412,9.087140212264151,10.449934375000002,587.266,807.5509,1000.2938800000003
synthetic_f20_t100_th1,features,synthetic,20,100,1,lgb_onnx,64,335,6.157437126865672,0.17126229011194116,5.453527192164179,6.701023880597015,382.8,502.1221999999999,592.8214799999996
synthetic_f20_t100_th1,features,synthetic,20,100,1,xgb_sklearn,16,313,34.5656946884984,2.2286862020766733,32.63480051916933,38.72546625399361,529.447,759.3812999999999,1336.128019999998
synthetic_f20_t100_th1,features,synthetic,20,100,1,xgb_dmatrix,16,317,32.47992034700315,3.7544453864353358,30.568175670347003,38.52507925867508,488.376,776.2714999999993,1347.4160599999966
synthetic_f20_t100_th1,features,synthetic,20,100,1,xgb_onnx,512,59,5.172066108315678,0.5137048132944919,4.907367684057204,5.640282276218221,2539.639,3370.7950000000005,4101.16444
synthetic_f20_t100_th1,features,synthetic,20,100,1,lgb_sklearn,4,179,287.4191312849162,29.99742597765362,194.70017178770948,299.3227388268156,1080.117,1413.8748,1795.94244
synthetic_f20_t100_th1,features,synthetic,20,100,1,xgb_onnx,256,75,7.828888697916667,0.46902463541666783,7.535310104166667,8.68580296875,1936.929,2378.0422,2985.9649200000003
synthetic_f20_t100_th1,features,synthetic,20,100,1,lgb_booster,2,1698,50.40192873969376,10.30634290341579,29.51026531213192,61.80886808009423,89.84649999999999,133.3074999999999,209.92382999999936
synthetic_f20_t100_th1,features,synthetic,20,100,1,lgb_sklearn,256,54,11.22766724537037,0.9492118055555565,10.672003327546296,12.355996961805555,2796.7569999999996,3486.4948000000004,4372.328300000001
synthetic_f20_t100_th1,features,synthetic,20,100,1,xgb_onnx,2,3000,13.4157185,1.4555866666666688,12.76303,15.388342833333335,25.0385,39.07905,67.18940999999992
synthetic_f20_t100_th1,features,synthetic,20,100,1,xgb_dmatrix,64,201,10.085438899253731,0.8551098414179101,9.393835976368159,12.48596136504975,607.222,990.2429999999999,1457.3284
synthetic_f20_t100_th1,features,synthetic,20,100,1,xgb_inplace,1,285,314.6535684210526,50.42895789473687,262.65378245614033,367.7578947368421,264.992,499.7596999999992,1116.6746599999997
synthetic_f20_t100_th1,features,synthetic,20,100,1,xgb_onnx,8,2551,7.977483535868287,0.7063243090944731,7.494292973343787,8.640596677773424,59.543,86.238,121.99860000000027
synthetic_f20_t100_th1,features,synthetic,20,100,1,cat_onnx,16,1303,11.194076937835764,3.0585656178050655,7.794964313123561,12.412950690713739,161.833,216.7226,327.8991600000002
synthetic_f20_t100_th1,features,synthetic,20,100,1,lgb_sklearn,32,109,47.5677932912844,4.776428038990829,43.481803038990826,57.9556743119266,1477.222,2036.219399999998,3046.3740799999996
synthetic_f20_t100_th1,features,synthetic,20,100,1,xgb_sklearn,2,220,368.6854681818182,43.66693295454547,268.79833636363634,515.1065136363636,679.84,1154.7740499999998,2930.6000099999987
synthetic_f20_t100_th1,features,synthetic,20,100,1,xgb_sklearn,32,250,19.388518,1.2234552500000007,17.047834125,20.2048795,560.3235,869.0327999999998,1411.1035499999991
synthetic_f20_t100_th1,features,synthetic,20,100,1,cat_onnx,1024,21,6.355304920014881,0.27725439453124956,5.9765454799107145,6.784675920758929,6248.316,7989.4259999999995,9577.564799999993
synthetic_f20_t100_th1,features,synthetic,20,100,1,cat_onnx,4096,5,6.060185449218751,0.12855388183593774,5.9000541015625005,7.4091590332031245,24613.556,27598.455799999996,36408.04530000001
synthetic_f20_t100_th1,features,synthetic,20,100,1,cat_sklearn,256,266,2.6262565202067667,0.10731748560855259,2.5049798666588345,2.8410837200422936,661.3765000000001,814.27125,1216.9792499999999
synthetic_f20_t100_th1,features,synthetic,20,100,1,cat_sklearn,1024,131,1.2486544832418893,0.12077414569417932,1.1228353858540077,1.496430522423664,1262.3,1701.87,2279.6759999999995
synthetic_f20_t100_th1,features,synthetic,20,100,1,lgb_booster,4,1242,24.988455112721418,9.045253522544286,20.181297504025768,36.98571095008052,88.59649999999999,178.01699999999997,409.56525999999934
synthetic_f20_t100_th1,features,synthetic,20,100,1,lgb_sklearn,1024,14,11.597357491629463,1.536217982700892,10.465515206473214,13.82661314174107,11906.933,14764.203699999998,17891.85488
synthetic_f20_t100_th1,features,synthetic,20,100,1,cat_sklearn,16,284,45.94698943661972,6.182805787852104,43.9240136443662,54.55531580105634,579.2955,1750.2664999999997,2543.7859599999997
synthetic_f20_t100_th1,features,synthetic,20,100,1,lgb_onnx,4096,5,5.1376521484375,0.22985551757812495,4.958226806640625,5.563009423828126,20556.636,23370.2755,27246.750720000004
synthetic_f20_t100_th1,features,synthetic,20,100,1,lgb_onnx,4,3000,11.185082833333334,0.471396583333334,10.666924416666667,14.3990115,42.214,64.22715,125.25111999999966
synthetic_f20_t100_th1,features,synthetic,20,100,1,lgb_sklearn,1,187,752.5581016042781,57.72446256684498,717.4300748663101,826.8463262032085,707.25,1079.7557999999997,1360.0207600000003
synthetic_f20_t100_th1,features,synthetic,20,100,1,xgb_dmatrix,16384,5,2.4125727416992184,0.09817479248046856,2.349589135742187,2.7019091064453122,39119.566,43944.13349999999,57987.21246
synthetic_f20_t100_th1,features,synthetic,20,100,1,xgb_sklearn,4096,13,2.3457336801382214,0.09070270244891843,2.244797156700721,2.497541729266827,9278.931,10948.963600000001,14711.780340000067
synthetic_f20_t100_th1,features,synthetic,20,100,1,xgb_sklearn,64,172,10.84331667877907,2.0238329851017447,10.032890443313955,18.34263898982558,650.3534999999999,1380.1373499999997,2397.888929999994
synthetic_f20_t100_th1,features,synthetic,20,100,1,lgb_onnx,16384,5,7.311212756347656,2.5317991333007814,4.977305102539062,7.974527880859375,118220.141,134014.72679999997,138002.03972
synthetic_f20_t100_th1,features,synthetic,20,100,1,cat_onnx,32,656,7.0995988471798785,0.4716190691692077,6.587379906631098,7.598685785060976,212.824,310.289,357.7271500000004
synthetic_f20_t100_th1,features,synthetic,20,100,1,xgb_inplace,4096,16,2.414951965332031,0.1988180923461913,2.228764663696289,2.6727333526611328,9524.8665,12477.22,16070.6055
synthetic_f20_t100_th1,features,synthetic,20,100,1,cat_onnx,512,42,6.252280040922619,0.22035260881696583,5.963704706101191,7.146281343005953,3109.573,3860.6698499999998,4843.907579999996
synthetic_f20_t100_th1,features,synthetic,20,100,1,lgb_onnx,512,56,7.601501116071429,1.9131617257254465,5.375108956473214,8.743199148995537,3792.807,4616.720499999999,5995.3296000000055
synthetic_f20_t100_th1,features,synthetic,20,100,1,cat_sklearn,4,295,177.10121694915256,8.365683474576258,145.95851949152544,225.15015677966102,532.695,1542.3265999999999,2488.018999999998
synthetic_f20_t100_th1,features,synthetic,20,100,1,cat_onnx,128,112,9.537648646763394,0.661165492466516,5.915289690290178,10.443542829241071,1138.3065000000001,1567.8199500000003,2903.060260000002
synthetic_f20_t100_th1,features,synthetic,20,100,1,lgb_sklearn,4096,5,7.738468701171875,0.15329916992187442,7.566097021484374,8.17361181640625,31224.954,34748.1847,36387.592520000006
synthetic_f20_t100_th1,features,synthetic,20,100,1,xgb_inplace,256,146,3.8994509043236305,0.3272889287243146,3.6873859428510274,4.259302279537671,956.3895,1464.80825,1942.4746000000011
synthetic_f20_t100_th1,features,synthetic,20,100,1,lgb_booster,128,149,8.056958945050335,0.2723680264261752,7.784461461828859,8.364852506291948,993.118,1282.0223999999998,1452.377099999997
synthetic_f20_t100_th1,features,synthetic,20,100,1,lgb_onnx,8,2428,8.856533772652389,0.6695763231054368,8.142629478995058,9.741983577018122,67.495,99.65399999999995,134.88250000000005
synthetic_f20_t100_th1,features,synthetic,20,100,1,lgb_sklearn,8,190,105.43907565789473,11.142028947368416,94.05895263157895,115.92257368421052,822.8165,1098.74025,1325.6276000000003
synthetic_f20_t100_th1,features,synthetic,20,100,1,xgb_dmatrix,4096,14,4.72141317313058,0.8132818952287941,2.56932666015625,5.046652866908482,18825.197500000002,21425.874649999998,22015.563619999997
synthetic_f20_t100_th1,features,synthetic,20,100,1,xgb_onnx,16384,5,5.101159448242188,0.5716185302734376,4.846075219726563,8.350795300292969,81366.579,132881.5283,143269.85896
synthetic_f20_t100_th1,features,synthetic,20,100,1,xgb_dmatrix,1,431,373.8363294663573,18.263141531322503,353.71199535962876,427.74725754060324,345.042,529.672,956.3036000000185
synthetic_f20_t100_th1,features,synthetic,20,100,1,lgb_sklearn,64,108,21.244815827546297,1.771533130787038,18.96582783564815,24.462759693287037,1326.9679999999998,1804.214949999999,2001.68033
synthetic_f20_t100_th1,features,synthetic,20,100,1,xgb_sklearn,256,145,4.383697844827586,0.31077129579741225,4.168490517241379,4.989927074353448,1073.85,1590.5366999999994,2137.9258199999995
synthetic_f20_t100_th1,features,synthetic,20,100,1,lgb_onnx,2,3000,14.040172333333334,1.163394666666667,13.153048833333335,15.075412666666667,25.903,38.443,63.61111999999998
synthetic_f20_t100_th1,features,synthetic,20,100,1,xgb_onnx,128,224,8.373006173270088,0.6142235804966525,5.580909249441965,8.869664760044643,1024.915,1297.8343999999997,2036.732079999998
synthetic_f20_t100_th1,features,synthetic,20,100,1,lgb_sklearn,16384,5,7.604268530273437,0.29970469360351615,7.446852551269531,10.420793811035157,124047.579,168551.1457,174113.40832000002
synthetic_f20_t100_th1,features,synthetic,20,100,1,xgb_inplace,512,106,3.149494638119104,0.23945975825471733,2.8863281987028304,3.4899418484669815,1500.4250000000002,2271.37575,2706.4278499999978
synthetic_f20_t100_th1,features,synthetic,20,100,1,xgb_dmatrix,2,349,239.90768624641834,16.750603151862435,227.54325071633238,264.319770773639,450.634,674.1224,1146.8047799999995
synthetic_f20_t100_th1,features,synthetic,20,100,1,xgb_inplace,16384,5,4.124803198242187,0.2108333496093744,3.9199167236328125,4.662191723632812,68067.014,77967.322,86871.34542000001
synthetic_f20_t100_th1,features,synthetic,20,100,1,cat_onnx,2,3000,14.495744166666666,1.0417256666666663,13.271012,17.36785216666667,27.485,42.188399999999994,64.53512999999998
synthetic_f20_t100_th1,features,synthetic,20,100,1,lgb_booster,8,1201,14.883469816819318,1.7623262385512088,12.960529975020815,16.18328840549542,106.407,173.48149999999998,271.4373999999995
synthetic_f20_t100_th1,features,synthetic,20,100,1,xgb_dmatrix,8,349,58.13520594555874,3.749971704871058,56.212387177650434,69.16271561604584,438.694,650.9068,1198.765859999996
synthetic_f20_t100_th1,features,synthetic,20,100,1,cat_onnx,8,2266,9.093611484995586,0.48028930383936697,8.318465357458075,13.276546668137687,70.178,116.84475,170.124
synthetic_f20_t100_th1,features,synthetic,20,100,1,xgb_dmatrix,1024,49,3.130865553252551,0.18491718152104575,2.9360656887755106,3.6146021205357144,3066.944,4242.103,5363.734020000001
synthetic_f20_t100_th1,features,synthetic,20,100,1,xgb_sklearn,1,366,507.41333060109287,153.77069125683056,424.2208852459016,683.1344808743169,485.09299999999996,780.95375,1512.637
synthetic_f20_t100_th1,features,synthetic,20,100,1,xgb_inplace,2,339,245.00953244837757,13.698934365781696,224.72041297935104,264.2541194690266,454.758,590.5543999999999,1583.7337999999982
synthetic_f20_t100_th1,features,synthetic,20,100,1,lgb_sklearn,512,23,13.213983101222826,0.6739355893342385,12.58547121263587,14.642336192255435,6661.14,8351.696999999998,9252.239319999999
synthetic_f100_t100_th1,features,synthetic,100,100,1,xgb_inplace,128,215,8.518006431686047,2.7780490188953477,5.506654869186046,9.78422863372093,1028.149,1328.9858,2155.4181600000034
synthetic_f100_t100_th1,features,synthetic,100,100,1,xgb_sklearn,16384,5,4.810216040039062,2.450772509765625,2.6270957153320316,5.758732470703125,79197.358,91014.56589999999,100026.00358
synthetic_f100_t100_th1,features,synthetic,100,100,1,lgb_booster,512,30,9.195127473958333,0.3284343424479168,8.9094705078125,9.780576757812499,4552.2355,5591.4148,6174.1173599999975
synthetic_f100_t100_th1,features,synthetic,100,100,1,xgb_inplace,32,309,15.388253236245955,0.992966980177993,14.518390473300972,16.526125,450.596,715.8860999999998,1301.0459399999997
synthetic_f100_t100_th1,features,synthetic,100,100,1,xgb_inplace,16,363,27.06906112258953,3.4047390668044066,24.256564910468317,31.434587293388432,403.343,622.9703999999999,1244.694239999998
synthetic_f100_t100_th1,features,synthetic,100,100,1,cat_sklearn,2,267,305.34995880149813,26.529025280898964,271.5890187265918,339.5954606741573,582.359,734.6371999999998,1098.5084799999997
synthetic_f100_t100_th1,features,synthetic,100,100,1,xgb_sklearn,512,75,4.178824843749999,0.2656093749999986,3.815446875,4.3941675,1990.55,2907.1965999999998,3724.2562399999997
synthetic_f100_t100_th1,features,synthetic,100,100,1,cat_sklearn,512,92,4.782220894191576,0.4750489555027171,3.1743834706182064,5.152768321161685,2011.531,3829.8893499999995,4581.296199999999
synthetic_f100_t100_th1,features,synthetic,100,100,1,xgb_onnx,4096,5,8.868591113281251,0.42126848144531337,8.31400625,9.413358447265626,36314.46,40085.89659999999,44144.49884
synthetic_f100_t100_th1,features,synthetic,100,100,1,cat_onnx,64,186,11.092881804435484,4.58970564516129,7.007571908602151,14.781138188844086,647.7070000000001,1021.60375,1682.1557999999961
synthetic_f100_t100_th1,features,synthetic,100,100,1,xgb_sklearn,8,313,68.56123322683706,3.743641373801921,62.7556090255591,71.26856509584664,500.178,754.3688,1291.4700999999986
synthetic_f100_t100_th1,features,synthetic,100,100,1,lgb_booster,256,65,9.307318810096154,0.29064990985576955,8.850111057692308,10.725681911057693,2306.119,2992.1555999999987,3423.6017200000006
synthetic_f100_t100_th1,features,synthetic,100,100,1,lgb_sklearn,2,131,388.96169083969465,39.46740267175579,353.79763358778627,425.7118969465649,760.82,1011.618,1130.0195999999985
synthetic_f100_t100_th1,features,synthetic,100,100,1,xgb_sklearn,1024,40,3.396567626953125,0.06910545654296874,3.287347338867187,3.815452685546875,3358.831,4382.7255499999965,5984.4969900000015
synthetic_f100_t100_th1,features,synthetic,100,100,1,lgb_onnx,32,707,9.834341230551626,3.087114878005659,7.348726087340877,11.007034344059406,300.484,391.7276,519.3615199999996
synthetic_f100_t100_th1,features,synthetic,100,100,1,xgb_dmatrix,256,52,10.422225661057691,0.8518543795072127,9.561500150240384,16.56599932391827,2554.5045,3579.0080999999973,8069.757429999969
synthetic_f100_t100_th1,features,synthetic,100,100,1,cat_sklearn,4096,10,3.5933245849609374,0.29484753417968745,3.172646313476563,3.9463780517578124,14622.993999999999,18441.57895,19191.17052
synthetic_f100_t100_th1,features,synthetic,100,100,1,lgb_booster,1024,12,9.197583414713542,0.8801739501953136,8.621973307291666,12.298971516927084,9033.2405,12604.660399999999,13437.723559999999
synthetic_f100_t100_th1,features,synthetic,100,100,1,cat_onnx,4,3000,11.273421,0.6837439166666677,10.657347,12.377023583333333,40.564,60.9032,105.80777999999957
synthetic_f100_t100_th1,features,synthetic,100,100,1,lgb_booster,16,723,12.863955567081604,0.6849119553941883,12.241105636237897,14.731227697095436,196.389,294.133,373.19387999999975
synthetic_f100_t100_th1,features,synthetic,100,100,1,lgb_booster,1,2748,59.0764556040757,4.295142467248908,51.35727183406113,66.35049199417759,53.268,85.73034999999996,130.55179999999993
synthetic_f100_t100_th1,features,synthetic,100,100,1,xgb_inplace,8,388,47.729398518041236,3.4964339561855695,46.02460083762887,53.00599581185567,362.264,524.2255499999998,787.6493299999998
synthetic_f100_t100_th1,features,synthetic,100,100,1,xgb_sklearn,4,316,135.9209786392405,10.33047903481014,122.28050712025316,147.3329825949367,512.732,741.1705,1217.07725
synthetic_f100_t100_th1,features,synthetic,100,100,1,cat_sklearn,1,238,756.2275042016806,74.42232352941164,675.342411764706,882.5402941176471,717.4865,996.3085000000002,2624.3083799999863
synthetic_f100_t100_th1,features,synthetic,100,100,1,cat_sklearn,8,137,109.43427098540145,14.232477189781022,98.45823722627738,124.55852463503649,706.882,1976.5677000000003,2793.062140000003
synthetic_f100_t100_th1,features,synthetic,100,100,1,cat_onnx,256,62,10.205724924395161,0.8117454952116923,9.808827368951613,11.456258694556452,2548.2635,3200.459349999999,4462.85971
synthetic_f100_t100_th1,features,synthetic,100,100,1,cat_onnx,16384,5,6.835221826171876,0.1973511901855467,6.567284191894531,7.0797248046875,110351.364,125227.36319999999,127433.90496
synthetic_f100_t100_th1,features,synthetic,100,100,1,cat_onnx,1,3000,18.847278,2.074847166666668,17.524333666666667,23.21402666666667,17.197,27.840399999999995,48.58832999999995
synthetic_f100_t100_th1,features,synthetic,100,100,1,xgb_onnx,64,412,6.465695198725728,0.46030248786407757,5.943411180218447,7.348549112560679,405.2745,533.9898499999999,654.2768999999996
synthetic_f100_t100_th1,features,synthetic,100,100,1,cat_sklearn,32,238,30.161730961134452,4.360553965336138,22.05645299369748,33.75317817752101,744.5355,1996.12855,2839.2482499999987
synthetic_f100_t100_th1,features,synthetic,100,100,1,lgb_booster,32,256,13.950869506835938,1.1457484741210937,12.656462158203125,18.291090576171875,419.611,538.831,1207.3755499999977
synthetic_f100_t100_th1,features,synthetic,100,100,1,lgb_onnx,128,121,9.173652440599174,0.22578912706611654,8.945172520661158,9.464355501033058,1115.86,1439.1275,2322.3079000000052
synthetic_f100_t100_th1,features,synthetic,100,100,1,lgb_onnx,16,947,9.01496858500528,0.5670965219112993,7.721377903907075,9.661475910770855,134.107,203.03719999999998,333.23408000000006
synthetic_f100_t100_th1,features,synthetic,100,100,1,xgb_onnx,32,788,6.918194519352792,0.29923504917512656,6.342440117385787,7.729510310913705,214.477,294.60975,344.6709399999999
synthetic_f100_t100_th1,features,synthetic,100,100,1,xgb_dmatrix,32,283,19.48763957597173,0.6119817248233232,17.508934518551236,21.632149514134277,597.091,864.3167999999998,1130.3930000000007
synthetic_f100_t100_th1,features,synthetic,100,100,1,lgb_onnx,256,95,6.513815378289474,0.3956316406250009,6.165729810855263,8.166072985197369,1596.825,2200.5033999999996,2604.0101599999994
synthetic_f100_t100_th1,features,synthetic,100,100,1,xgb_dmatrix,4,308,133.51519886363636,31.30403530844154,120.74487905844155,194.79050649350648,510.4175,805.6885999999995,1464.2133600000009
synthetic_f100_t100_th1,features,synthetic,100,100,1,xgb_sklearn,128,101,10.592895034034653,1.1809076810024752,10.11151021039604,12.883105662128713,1314.506,1828.529,3519.6821000000155
synthetic_f100_t100_th1,features,synthetic,100,100,1,lgb_sklearn,128,53,22.360545400943398,2.2461319280660383,20.480191922169812,25.958610996462262,2848.567,3998.965399999998,4963.083099999998
synthetic_f100_t100_th1,features,synthetic,100,100,1,xgb_dmatrix,512,35,5.252870479910714,3.9777513392857156,4.73947421875,9.346645703124999,2896.309,4970.2829999999985,6162.098839999995
synthetic_f100_t100_th1,features,synthetic,100,100,1,xgb_inplace,64,258,8.798771317829457,1.0476193071705424,8.089652676841085,9.37181304505814,524.5550000000001,774.1324000000001,1209.2320700000068
synthetic_f100_t100_th1,features,synthetic,100,100,1,xgb_onnx,1024,23,6.04856101392663,0.23209999150815186,5.843652895720109,6.717362177309783,6034.634,7367.119799999999,8428.445759999999
synthetic_f100_t100_th1,features,synthetic,100,100,1,lgb_booster,16384,5,9.279950952148438,2.0430746765136707,8.469070483398438,11.586874377441408,156265.633,193376.9743,208467.7297
synthetic_f100_t100_th1,features,synthetic,100,100,1,xgb_onnx,4,3000,11.53799925,4.277971875,9.396077083333333,15.711729666666667,41.803,68.50879999999998,101.5052399999998
synthetic_f100_t100_th1,features,synthetic,100,100,1,xgb_onnx,1,3000,18.803457666666667,2.047332166666667,16.344024666666666,20.344608666666666,17.263,24.175349999999995,44.87080999999987
synthetic_f100_t100_th1,features,synthetic,100,100,1,xgb_inplace,1024,38,3.1656254111842106,0.21955912057977,3.0310778423108555,3.7591068564967105,3156.846,4177.3054999999995,5725.50035
synthetic_f100_t100_th1,features,synthetic,100,100,1,xgb_dmatrix,128,161,7.784344235248447,0.5918261840062122,7.5197706230590065,8.504953707298137,966.206,1422.7145,1693.8135999999988
synthetic_f100_t100_th1,features,synthetic,100,100,1,cat_sklearn,64,212,11.871007296580188,0.7438928360849051,10.663309994103775,12.316602889150943,726.7985000000001,893.299,1177.9888500000002
synthetic_f100_t100_th1,features,synthetic,100,100,1,cat_sklearn,16384,6,1.559003896077474,0.04158612569173181,1.4752356974283856,1.7421559143066405,25661.8065,30358.011250000003,35638.64944999998
synthetic_f100_t100_th1,features,synthetic,100,100,1,xgb_onnx,16,1015,7.770645381773399,0.1806706280788184,6.873750431034483,9.370646243842364,118.654,177.335,213.3026800000001
synthetic_f100_t100_th1,features,synthetic,100,100,1,lgb_onnx,1,3000,30.832974999999998,3.105028500000003,27.51302733333333,35.02450233333333,28.659,42.10105,71.3368599999997
synthetic_f100_t100_th1,features,synthetic,100,100,1,lgb_booster,4096,5,11.6681154296875,1.243988403320314,10.027497900390625,12.6062158203125,47285.075,54236.153699999995,54739.4971
synthetic_f100_t100_th1,features,synthetic,100,100,1,cat_sklearn,128,152,6.565266190378289,0.6099149362664473,6.128531866776316,7.837725174753289,817.2685,1020.9091999999995,1786.6299699999972
synthetic_f100_t100_th1,features,synthetic,100,100,1,lgb_onnx,1024,21,6.404772646949405,0.23770365978422614,6.124419084821429,6.739197916666667,6314.895,7857.8485,8829.034099999995
synthetic_f100_t100_th1,features,synthetic,100,100,1,lgb_sklearn,16,174,57.90298311781609,5.13320114942529,54.68541810344828,63.02098096264368,907.269,1270.8122999999991,1467.7822199999998
synthetic_f100_t100_th1,features,synthetic,100,100,1,xgb_inplace,4,424,102.17277240566038,5.080355542452821,95.20881721698113,123.19989033018868,375.0575,584.7210999999999,1125.6690299999989
synthetic_f100_t100_th1,features,synthetic,100,100,1,lgb_booster,64,206,10.86963114381068,0.489809390169901,9.821462454490291,11.677333055218448,674.201,890.937,967.5497999999988
synthetic_f100_t100_th1,features,synthetic,100,100,1,lgb_onnx,64,347,9.736962265850146,1.6304772379322774,6.76707898054755,10.631514364193084,581.573,735.5751999999999,1066.1220800000012
synthetic_f100_t100_th1,features,synthetic,100,100,1,xgb_sklearn,16,216,45.19871903935186,2.1546883680555524,43.75062847222222,52.22094878472222,689.5195,880.5695000000001,1893.9935
synthetic_f100_t100_th1,features,synthetic,100,100,1,xgb_dmatrix,16,173,49.93532947976878,4.779748554913304,32.66307297687861,57.22651950867052,747.449,1030.4882999999988,2149.0790600000005
synthetic_f100_t100_th1,features,synthetic,100,100,1,xgb_onnx,512,50,6.0555567578125,0.15892591796874989,5.814873671875,6.612223515625,2991.2955,3790.0802999999987,4383.573319999999
synthetic_f100_t100_th1,features,synthetic,100,100,1,lgb_sklearn,4,197,199.98954822335025,12.871023477157365,184.10766370558375,221.96203553299492,786.544,1081.6777,1294.2783600000014
synthetic_f100_t100_th1,features,synthetic,100,100,1,xgb_onnx,256,96,6.06111299641927,0.27613523356119885,5.699856689453125,6.351522054036458,1479.1950000000002,1958.81125,2094.3654500000002
synthetic_f100_t100_th1,features,synthetic,100,100,1,lgb_booster,2,2466,34.14960340632604,3.2665995539334887,30.331125101378753,40.04356123276561,61.355999999999995,109.434,184.2545
synthetic_f100_t100_th1,features,synthetic,100,100,1,lgb_sklearn,256,38,12.432816920230263,0.45393842516447336,11.893537314967105,13.620505962171054,3110.4415,3762.3402,4486.835599999996
synthetic_f100_t100_th1,features,synthetic,100,100,1,xgb_onnx,2,3000,13.963664666666668,0.7192982500000014,12.273459,16.729903666666665,26.4545,37.5982,64.90910999999998
synthetic_f100_t100_th1,features,synthetic,100,100,1,xgb_dmatrix,64,151,16.818358133278146,1.7901814466059616,11.498763762417218,18.20885275248344,1014.501,1314.785,2208.573000000002
synthetic_f100_t100_th1,features,synthetic,100,100,1,xgb_inplace,1,385,403.38854285714285,32.64648961038955,378.76062077922074,482.5216467532468,382.331,508.66549999999984,1609.9721199999954
synthetic_f100_t100_th1,features,synthetic,100,100,1,xgb_onnx,8,1845,12.230385907859079,1.405566700542007,8.972960840108401,14.01287906504065,91.821,120.89519999999999,202.74838000000102
synthetic_f100_t100_th1,features,synthetic,100,100,1,cat_onnx,16,976,8.774876536885246,0.3349424628586064,8.580992507684426,9.874046939036885,133.5725,193.9145,278.4600999999997
synthetic_f100_t100_th1,features,synthetic,100,100,1,lgb_sklearn,32,131,36.32462643129771,2.707057729007637,32.796021946564885,39.05946660305344,1104.55,1581.557,1723.3977999999988
synthetic_f100_t100_th1,features,synthetic,100,100,1,xgb_sklearn,2,279,266.8748010752688,27.3505922939068,236.96863082437275,319.7351451612903,512.549,766.1482,1329.873200000007
synthetic_f100_t100_th1,features,synthetic,100,100,1,xgb_sklearn,32,258,19.73509387112403,1.5701740552325596,18.655038759689923,21.17934508236434,597.1015,844.0980000000001,1394.360390000004
synthetic_f100_t100_th1,features,synthetic,100,100,1,cat_onnx,1024,21,7.668350539434524,3.117180594308037,7.019034086681548,11.03204627046131,8760.181,11988.114000000001,12917.0198
synthetic_f100_t100_th1,features,synthetic,100,100,1,cat_onnx,4096,5,10.793890917968751,0.5200381591796877,9.5195703125,13.530489453125,44052.899,51939.72409999999,66661.66658000002
synthetic_f100_t100_th1,features,synthetic,100,100,1,cat_sklearn,256,87,7.2298763918821844,1.2874693112428162,5.319869522270116,8.115354391163793,1502.357,3145.5379999999996,3823.428919999998
synthetic_f100_t100_th1,features,synthetic,100,100,1,cat_sklearn,1024,46,3.001912894870924,0.32649754797894026,2.6426068699048915,3.3974987474524454,2902.2219999999998,4448.09375,6967.157749999995
synthetic_f100_t100_th1,features,synthetic,100,100,1,lgb_booster,4,2076,22.725205443159926,1.7678513969171483,20.1194908477842,27.6096616088632,80.6875,153.1815,302.1741500000033
synthetic_f100_t100_th1,features,synthetic,100,100,1,lgb_sklearn,1024,14,10.199556570870536,0.5923846958705354,9.55402769252232,10.694283133370536,10083.168,12017.5427,12905.89963
synthetic_f100_t100_th1,features,synthetic,100,100,1,cat_sklearn,16,231,45.03941287878788,3.8143019480519484,39.862841179653685,50.286542478354974,676.548,1006.441,1678.1855999999839
synthetic_f100_t100_th1,features,synthetic,100,100,1,lgb_onnx,4096,5,6.31024873046875,0.15392941894531198,6.125834423828125,6.753210009765625,25566.666,28454.2609,32455.803640000002
synthetic_f100_t100_th1,features,synthetic,100,100,1,lgb_onnx,4,3000,16.379979166666665,5.1907957499999995,11.29526125,18.493453916666667,58.563,80.42884999999998,125.27848999999993
synthetic_f100_t100_th1,features,synthetic,100,100,1,lgb_sklearn,1,147,1158.8740204081632,127.1032857142859,1052.2664013605443,1340.6028775510204,1122.401,1583.9865999999997,2423.972679999994
synthetic_f100_t100_th1,features,synthetic,100,100,1,xgb_dmatrix,16384,5,3.914277685546875,0.2976416625976559,3.6277715087890625,7.247274230957031,63276.406,116657.14069999999,121998.15102
synthetic_f100_t100_th1,features,synthetic,100,100,1,xgb_sklearn,4096,13,2.8061875,0.19980863131009574,2.6947963491586537,3.359259821965144,11119.127,14684.924200000001,19838.019200000006
synthetic_f100_t100_th1,features,synthetic,100,100,1,xgb_sklearn,64,239,10.81162369246862,0.4500434754184113,10.209883564330545,11.577263859832636,666.97,929.5364,1316.2359599999813
synthetic_f100_t100_th1,features,synthetic,100,100,1,lgb_onnx,16384,5,8.560026159667968,2.0300718078613293,6.1287935302734375,9.460450793457031,140746.083,156260.6849,173116.82828000002
synthetic_f100_t100_th1,features,synthetic,100,100,1,cat_onnx,32,606,7.635944410066006,0.9570071163366336,7.114717099834984,8.93333544760726,230.81799999999998,362.32624999999996,497.1198000000001
synthetic_f100_t100_th1,features,synthetic,100,100,1,xgb_inplace,4096,13,2.9440215782752404,0.4564935866135822,2.6236321927584134,3.636962590144231,11558.203,15191.28,20535.053480000035
synthetic_f100_t100_th1,features,synthetic,100,100,1,cat_onnx,512,36,6.975289442274305,0.29375808376736146,6.861247721354167,7.727626627604167,3500.964,4316.86225,4980.236150000001
synthetic_f100_t100_th1,features,synthetic,100,100,1,lgb_onnx,512,47,6.819916805186169,0.5862197473404249,6.122707197473405,7.0998883809840425,3227.081,4311.0806,4734.4400399999995
synthetic_f100_t100_th1,features,synthetic,100,100,1,cat_sklearn,4,275,156.17273363636363,8.244595454545447,148.16577727272727,182.22669363636362,615.177,755.3679999999998,1105.2105599999968
synthetic_f100_t100_th1,features,synthetic,100,100,1,cat_onnx,128,125,10.88848825,0.5191740312500013,9.9223178125,11.666800499999999,1354.902,1752.4643999999994,2241.4830399999983
synthetic_f100_t100_th1,features,synthetic,100,100,1,lgb_sklearn,4096,5,10.99378115234375,2.4527540527343774,8.88227744140625,11.978602099609375,43933.59,51090.506199999996,55467.17786
synthetic_f100_t100_th1,features,synthetic,100,100,1,xgb_inplace,256,129,4.267059229651164,0.39043088359980693,4.08768480499031,5.429677658672481,1054.165,1749.7641999999998,2424.492779999994
synthetic_f100_t100_th1,features,synthetic,100,100,1,lgb_booster,128,108,9.355865740740741,0.25953215422453724,9.033199001736111,11.050626374421295,1160.1535,1522.8489,1793.6361499999966
synthetic_f100_t100_th1,features,synthetic,100,100,1,lgb_onnx,8,2403,9.826818039950062,0.8936434144818985,8.907978308364545,11.290042602996255,73.882,110.09959999999995,161.3718
synthetic_f100_t100_th1,features,synthetic,100,100,1,lgb_sklearn,8,167,102.39316991017964,7.76579752994013,94.52732260479041,120.84078218562875,815.965,1123.469799999999,1336.2319999999993
synthetic_f100_t100_th1,features,synthetic,100,100,1,xgb_dmatrix,4096,9,3.913772406684028,0.18544809299045184,3.7974307454427083,4.354407118055556,15649.37,18652.8288,25870.732579999985
synthetic_f100_t100_th1,features,synthetic,100,100,1,xgb_onnx,16384,5,8.688227185058594,2.849583624267577,5.773422302246094,9.227838330078125,132878.356,153390.7805,156793.71452
synthetic_f100_t100_th1,features,synthetic,100,100,1,xgb_dmatrix,1,402,384.4820895522388,39.406104477611905,360.6713358208955,429.0247686567164,353.2205,540.6459,724.4167999999999
synthetic_f100_t100_th1,features,synthetic,100,100,1,lgb_sklearn,64,113,21.560274059734514,2.2335194966814207,19.744428788716814,23.672877074115043,1298.103,1890.3870999999997,2245.86062
synthetic_f100_t100_th1,features,synthetic,100,100,1,xgb_sklearn,256,131,4.827037273377862,0.13328848103530522,4.6362387881679386,5.09732174379771,1186.149,1563.731,2110.413999999997
synthetic_f100_t100_th1,features,synthetic,100,100,1,lgb_onnx,2,3000,16.202842333333333,1.233338333333334,15.0585595,19.1404785,30.844,45.4502,71.91356999999975
synthetic_f100_t100_th1,features,synthetic,100,100,1,xgb_onnx,128,179,5.986219142807263,1.71033122381285,5.758763180865921,9.183810055865923,760.144,1168.8594,1408.8015599999987
synthetic_f100_t100_th1,features,synthetic,100,100,1,lgb_sklearn,16384,5,8.660562829589844,0.6503108398437512,8.578539416503906,11.520156091308595,142364.034,187636.92510000002,193212.86106
synthetic_f100_t100_th1,features,synthetic,100,100,1,xgb_inplace,512,72,3.410470974392361,0.08269942220052062,3.3623633626302083,4.220702175564236,1718.5525,2306.3180499999953,3218.3046400000003
synthetic_f100_t100_th1,features,synthetic,100,100,1,xgb_dmatrix,2,355,234.4872676056338,9.9820429577465,217.67721549295774,262.36200563380277,448.535,635.9683999999997,857.5626000000002
synthetic_f100_t100_th1,features,synthetic,100,100,1,xgb_inplace,16384,5,4.697305053710937,0.32163674316406166,2.5633670288085937,5.270979760742188,75818.174,91630.48859999998,103453.6632
synthetic_f100_t100_th1,features,synthetic,100,100,1,cat_onnx,2,3000,20.935949333333333,3.639930666666668,15.3067465,25.676339,37.503,54.40709999999999,84.58153999999992
synthetic_f100_t100_th1,features,synthetic,100,100,1,lgb_booster,8,1400,16.408369196428573,0.988683348214284,14.896725982142858,17.63822035714286,121.167,188.21094999999994,259.20182000000017
synthetic_f100_t100_th1,features,synthetic,100,100,1,xgb_dmatrix,8,264,61.79636884469697,4.404192708333333,57.216436553030306,66.73100142045455,469.28999999999996,630.1031499999999,876.1239199999947
synthetic_f100_t100_th1,features,synthetic,100,100,1,cat_onnx,8,2045,9.84786436430318,0.5178722799511011,8.755509352078239,11.081618276283617,74.643,111.83109999999998,154.16018000000025
synthetic_f100_t100_th1,features,synthetic,100,100,1,xgb_dmatrix,1024,33,4.633730291193182,0.3152731267755673,4.423104373816288,5.111476089015152,4529.023,5732.875999999998,8334.07576
synthetic_f100_t100_th1,features,synthetic,100,100,1,xgb_sklearn,1,263,604.8889087452471,78.34579087452471,444.94627756653995,713.0320950570342,564.933,884.0458000000002,1791.0283999999995
synthetic_f100_t100_th1,features,synthetic,100,100,1,xgb_inplace,2,302,269.1365463576159,20.292024006622512,247.97840728476822,359.70390231788076,498.0055,847.6337999999993,1706.9560999999997
synthetic_f100_t100_th1,features,synthetic,100,100,1,lgb_sklearn,512,20,14.577167382812501,2.552385644531249,10.930279296875,16.5683001953125,7065.2075,9396.637649999997,11148.087010000001
online_shoppers_f17_t100_th2,threads,online_shoppers,17,100,2,xgb_inplace,128,50,5.301596875,0.6963503124999999,4.846510937500001,12.545789687500001,649.9875,1498.1393499999979,2891.86616
online_shoppers_f17_t100_th2,threads,online_shoppers,17,100,2,xgb_sklearn,16384,5,2.100687683105469,0.08985737915039049,2.0401907348632813,2.339170251464844,34047.265,38724.4043,49459.356
online_shoppers_f17_t100_th2,threads,online_shoppers,17,100,2,lgb_booster,512,46,6.617843707540761,0.3305035241168479,6.295630859375,7.757949091372283,3264.076,4297.88375,5143.835099999998
online_shoppers_f17_t100_th2,threads,online_shoppers,17,100,2,xgb_inplace,32,214,14.549604117990654,0.7053544830607485,13.52680359228972,15.47255300817757,417.9185,637.0509999999999,1168.7234699999956
online_shoppers_f17_t100_th2,threads,online_shoppers,17,100,2,xgb_inplace,16,374,26.682402239304814,2.3177031250000013,24.340364973262034,28.998930314171126,386.5965,595.3902999999999,1265.0946399999993
online_shoppers_f17_t100_th2,threads,online_shoppers,17,100,2,cat_sklearn,2,236,334.8890190677966,81.6680561440678,253.43266101694917,395.4155783898305,539.623,1372.1865,2188.756400000001
online_shoppers_f17_t100_th2,threads,online_shoppers,17,100,2,xgb_sklearn,512,35,6.478947488839286,0.2752725725446439,5.568011104910714,6.596915792410714,3204.538,4096.515599999996,5643.482159999997
online_shoppers_f17_t100_th2,threads,online_shoppers,17,100,2,cat_sklearn,512,114,1.9373908134594298,0.1410231376781801,1.7769926672149121,2.2435424376370614,865.386,2074.2132999999994,2610.4836600000012
online_shoppers_f17_t100_th2,threads,online_shoppers,17,100,2,xgb_onnx,4096,5,7.876632958984375,1.1600288574218744,7.048688378906251,10.934658593750001,31771.145,47175.32139999999,51421.10796
online_shoppers_f17_t100_th2,threads,online_shoppers,17,100,2,cat_onnx,64,81,5.181512345679012,0.5969178240740742,4.638676311728395,13.331700231481483,305.711,557.6465000000001,2402.9315
online_shoppers_f17_t100_th2,threads,online_shoppers,17,100,2,xgb_sklearn,8,263,65.90630370722432,1.7645710551331035,62.13590209125475,69.30709980988593,495.028,694.4486,1235.4568799999984
online_shoppers_f17_t100_th2,threads,online_shoppers,17,100,2,lgb_booster,256,87,6.791521461925288,0.5231435210129298,6.407560659123563,7.524639547413793,1654.033,2258.6965999999998,2675.165439999998
online_shoppers_f17_t100_th2,threads,online_shoppers,17,100,2,lgb_sklearn,2,190,515.6971684210527,89.49213421052627,429.6486947368421,729.7042263157895,876.4355,1836.1585499999999,3858.3658800000007
online_shoppers_f17_t100_th2,threads,online_shoppers,17,100,2,xgb_sklearn,1024,41,2.975086532964939,0.23534575076219522,2.8019353563262195,3.4263308403201216,2905.629,3914.4525,5145.715
online_shoppers_f17_t100_th2,threads,online_shoppers,17,100,2,lgb_onnx,32,816,5.85544504442402,0.4746066750919118,5.251955844056372,6.4042719056372555,175.285,253.53625,342.7495
online_shoppers_f17_t100_th2,threads,online_shoppers,17,100,2,xgb_dmatrix,256,80,7.61940654296875,0.5210719726562498,7.1642769531249995,8.473265966796875,1921.5985,2487.3571999999995,3688.5642300000018
online_shoppers_f17_t100_th2,threads,online_shoppers,17,100,2,cat_sklearn,4096,24,1.1500824788411457,0.23919276936848988,0.7475342407226563,1.380723175048828,4034.0564999999997,7019.8439,7445.366820000002
online_shoppers_f17_t100_th2,threads,online_shoppers,17,100,2,lgb_booster,1024,17,8.79538166360294,2.303934570312501,6.0976025390625,9.879527056525736,8738.541,10968.9453,13526.391159999983
online_shoppers_f17_t100_th2,threads,online_shoppers,17,100,2,cat_onnx,4,3000,10.739738083333334,1.830773916666665,9.128751333333334,15.155165333333333,37.6485,72.84604999999996,180.94813
online_shoppers_f17_t100_th2,threads,online_shoppers,17,100,2,lgb_booster,16,852,11.220662778755868,0.9050672315140815,9.984676423122066,12.495918280516433,158.952,287.01099999999997,512.761479999999
online_shoppers_f17_t100_th2,threads,online_shoppers,17,100,2,lgb_booster,1,1720,71.62710174418605,7.911754069767426,62.97104941860465,92.63501453488372,55.164500000000004,131.50934999999996,372.84936000000033
online_shoppers_f17_t100_th2,threads,online_shoppers,17,100,2,xgb_inplace,8,399,51.535461466165415,4.370329887218048,49.17780419799499,63.917558897243104,389.45,606.3578,1302.4843999999982
online_shoppers_f17_t100_th2,threads,online_shoppers,17,100,2,xgb_sklearn,4,296,128.70764864864864,13.740065456081084,126.6709991554054,163.9979679054054,487.8595,780.7295,1449.3680499999996
online_shoppers_f17_t100_th2,threads,online_shoppers,17,100,2,cat_sklearn,1,372,466.5543333333333,15.85495564516134,413.6074623655914,522.7609838709677,424.6965,722.1662999999996,1134.7357100000002
online_shoppers_f17_t100_th2,threads,online_shoppers,17,100,2,cat_sklearn,8,232,96.5408900862069,7.250086745689643,70.74582219827586,103.9594994612069,575.5799999999999,1813.3047999999976,2468.2911399999975
online_shoppers_f17_t100_th2,threads,online_shoppers,17,100,2,cat_onnx,256,35,16.55202220982143,4.665094921874999,12.131240178571428,20.94369017857143,4057.071,7214.481399999996,8268.415279999987
online_shoppers_f17_t100_th2,threads,online_shoppers,17,100,2,cat_onnx,16384,5,4.9461153076171875,0.29275309448242215,4.652965869140624,5.414997729492187,80049.374,97153.8561,107271.46692
online_shoppers_f17_t100_th2,threads,online_shoppers,17,100,2,cat_onnx,1,3000,21.326687333333336,2.7948266666666655,19.747348666666664,27.740735666666666,18.439,31.032249999999998,76.98866999999942
online_shoppers_f17_t100_th2,threads,online_shoppers,17,100,2,xgb_onnx,64,321,4.685663551401869,0.299787310163552,4.144565323208722,8.010490751557633,279.945,487.97249999999997,2093.7452999999655
online_shoppers_f17_t100_th2,threads,online_shoppers,17,100,2,cat_sklearn,32,85,19.255167647058826,2.064039154411766,15.903980514705884,23.652048529411765,567.496,1017.2937,1433.290839999999
online_shoppers_f17_t100_th2,threads,online_shoppers,17,100,2,lgb_booster,32,419,9.404161172434367,0.5091360754773273,8.528783785799522,10.325098299522674,277.326,440.83239999999995,661.6960000000003
online_shoppers_f17_t100_th2,threads,online_shoppers,17,100,2,lgb_onnx,128,269,6.636532266496283,9.790646883712824,4.617194354089219,17.39965845724907,720.877,3653.3641,5067.665440000002
online_shoppers_f17_t100_th2,threads,online_shoppers,17,100,2,lgb_onnx,16,155,11.588079838709676,3.4896243951612895,10.080475403225806,26.23878427419355,160.712,383.8167999999999,2266.29588
online_shoppers_f17_t100_th2,threads,online_shoppers,17,100,2,xgb_onnx,32,542,9.294873443265683,1.3939928217250923,7.914673028136532,10.28219355396679,263.0995,450.4742499999999,967.4052000000028
online_shoppers_f17_t100_th2,threads,online_shoppers,17,100,2,xgb_dmatrix,32,213,24.424355193661974,7.907582306338025,16.0820595657277,26.878172095070422,678.627,942.6850000000001,2055.8375599999986
online_shoppers_f17_t100_th2,threads,online_shoppers,17,100,2,lgb_onnx,256,124,4.208362241683468,0.1920412991431455,3.94265625,5.504674111643145,1021.7745,1351.3336999999997,3005.1065599999974
online_shoppers_f17_t100_th2,threads,online_shoppers,17,100,2,xgb_dmatrix,4,295,121.96199152542373,6.251097881355932,115.60790338983051,126.59743050847457,461.802,618.1393999999999,1077.9104799999923
online_shoppers_f17_t100_th2,threads,online_shoppers,17,100,2,xgb_sklearn,128,163,6.58437969708589,0.41993836273006124,5.981998945552148,7.65625848351227,804.697,1264.1907999999996,1725.8901599999976
online_shoppers_f17_t100_th2,threads,online_shoppers,17,100,2,lgb_sklearn,128,92,11.18767289402174,1.5516669497282614,10.737532438858697,15.22579831861413,1418.411,2138.8284999999996,4478.449659999996
online_shoppers_f17_t100_th2,threads,online_shoppers,17,100,2,xgb_dmatrix,512,68,3.82768310546875,0.23267178883272077,3.5902627240349267,5.138210018382353,1805.0795,2964.9084999999995,4643.175339999997
online_shoppers_f17_t100_th2,threads,online_shoppers,17,100,2,xgb_inplace,64,320,11.766364453125,0.9853335205078118,7.598741162109375,13.239509130859375,724.8385000000001,935.1755999999992,1977.0517499999992
online_shoppers_f17_t100_th2,threads,online_shoppers,17,100,2,xgb_onnx,1024,11,10.543387251420453,3.182036177201704,6.449620916193182,13.615479847301136,10322.207,15889.61,16901.150999999998
online_shoppers_f17_t100_th2,threads,online_shoppers,17,100,2,lgb_booster,16384,5,6.153141223144531,0.04544237060546763,6.088160668945313,6.320468872070313,100138.673,107434.84980000001,110373.68176
online_shoppers_f17_t100_th2,threads,online_shoppers,17,100,2,xgb_onnx,4,3000,9.355395166666668,1.2744982499999988,8.293597250000001,10.6804865,34.888,54.35809999999999,92.14651999999944
online_shoppers_f17_t100_th2,threads,online_shoppers,17,100,2,xgb_onnx,1,3000,19.264131666666668,1.1034288333333322,16.851938666666666,22.821704333333336,18.1475,26.19205,42.32030999999979
online_shoppers_f17_t100_th2,threads,online_shoppers,17,100,2,xgb_inplace,1024,33,2.7565316642992426,0.2715712298768942,2.4921647431344693,3.509076349431818,2661.686,3782.3426999999992,5466.19254
online_shoppers_f17_t100_th2,threads,online_shoppers,17,100,2,xgb_dmatrix,128,210,6.944000334821428,4.687028701636906,5.924440476190476,11.691903311011906,986.596,1736.8182999999997,2577.622709999999
online_shoppers_f17_t100_th2,threads,online_shoppers,17,100,2,cat_sklearn,64,232,10.943717807112069,2.188034684806036,8.775496430495691,12.943302195581897,578.178,1539.252399999998,2430.552719999999
online_shoppers_f17_t100_th2,threads,online_shoppers,17,100,2,cat_sklearn,16384,9,0.8578374905056423,0.16834638129340285,0.6968400675455729,1.0357762858072916,13960.385,19485.4381,21261.841879999993
online_shoppers_f17_t100_th2,threads,online_shoppers,17,100,2,xgb_onnx,16,1059,6.257300991501416,3.2128464058073654,6.103239140698773,9.705714058073655,102.74,167.4638,223.58020000000005
online_shoppers_f17_t100_th2,threads,online_shoppers,17,100,2,lgb_onnx,1,3000,23.265105,1.4711365,19.84857966666667,30.048092,21.343,32.093050000000005,47.99529999999995
online_shoppers_f17_t100_th2,threads,online_shoppers,17,100,2,lgb_booster,4096,5,6.3847681640625,0.4704028564453129,5.990048779296875,6.6180037597656245,25159.714,30269.561799999996,31857.20724
online_shoppers_f17_t100_th2,threads,online_shoppers,17,100,2,cat_sklearn,128,283,4.544633861528268,0.4109653544611316,4.022762395097173,5.075252015238516,561.158,683.2538000000001,890.9707600000002
online_shoppers_f17_t100_th2,threads,online_shoppers,17,100,2,lgb_onnx,1024,35,4.271818443080357,0.2132330496651793,3.931998102678571,5.190861718750001,4371.425,5591.462799999985,9770.826119999998
online_shoppers_f17_t100_th2,threads,online_shoppers,17,100,2,lgb_sklearn,16,37,58.39758783783784,7.862849662162162,53.162554054054056,73.11900168918919,894.445,1230.9315999999997,2935.34982
online_shoppers_f17_t100_th2,threads,online_shoppers,17,100,2,xgb_inplace,4,363,92.14323347107437,7.825851928374675,87.31526928374656,102.67722107438017,346.526,509.14699999999993,873.4903199999942
online_shoppers_f17_t100_th2,threads,online_shoppers,17,100,2,lgb_booster,64,334,9.388185815868262,1.6489340147829346,7.364955043038922,10.707029331961078,574.842,757.2158499999999,1090.7929699999997
online_shoppers_f17_t100_th2,threads,online_shoppers,17,100,2,lgb_onnx,64,134,16.32461905317164,0.9503997784514944,15.086500233208955,17.67837651585821,548.5825,2584.7421999999997,3118.208829999994
online_shoppers_f17_t100_th2,threads,online_shoppers,17,100,2,xgb_sklearn,16,85,51.49410955882353,7.34896286764706,45.62029632352941,101.54136838235294,754.588,1650.6358999999977,3564.4899599999962
online_shoppers_f17_t100_th2,threads,online_shoppers,17,100,2,xgb_dmatrix,16,236,33.35894756355932,14.27746054025424,29.622554555084747,51.790010328389826,531.4135,888.70325,1835.9037500000063
online_shoppers_f17_t100_th2,threads,online_shoppers,17,100,2,xgb_onnx,512,63,4.371157986111111,0.4654422433035723,3.9469334077380953,5.367051029265872,2145.597,3177.1321999999986,5698.587480000014
online_shoppers_f17_t100_th2,threads,online_shoppers,17,100,2,lgb_sklearn,4,37,224.1979189189189,37.35300675675674,208.02124324324325,291.5448445945946,828.912,1331.0588999999998,2824.8828199999994
online_shoppers_f17_t100_th2,threads,online_shoppers,17,100,2,xgb_onnx,256,85,4.127634283088235,0.17991599264705904,3.6714859375,5.560268658088235,1035.902,1309.2658,2655.2455399999976
online_shoppers_f17_t100_th2,threads,online_shoppers,17,100,2,lgb_booster,2,2196,33.24409130236794,2.5971963797814226,31.889487249544626,42.446641621129324,59.047,115.2945,253.41495000000077
online_shoppers_f17_t100_th2,threads,online_shoppers,17,100,2,lgb_sklearn,256,64,9.052081787109374,1.5670794067382818,7.436400573730468,11.007026062011718,2100.777,3235.8588000000004,6421.84665
online_shoppers_f17_t100_th2,threads,online_shoppers,17,100,2,xgb_onnx,2,3000,13.781931,2.1625060833333336,11.149254999999998,15.511304666666668,22.161,37.0261,125.14827999999899
online_shoppers_f17_t100_th2,threads,online_shoppers,17,100,2,xgb_dmatrix,64,253,11.096082880434782,1.514037024456524,10.372321393280632,20.382060091403165,662.727,1432.9174000000003,2253.3583799999983
online_shoppers_f17_t100_th2,threads,online_shoppers,17,100,2,xgb_inplace,1,343,430.9061282798834,52.70030758017492,386.6464752186589,527.9005131195336,392.787,702.9191999999996,1626.1386799999948
online_shoppers_f17_t100_th2,threads,online_shoppers,17,100,2,xgb_onnx,8,2033,10.686611842105263,0.3134577287260214,9.943688453025086,12.124020597638957,76.697,110.54479999999998,259.41896000000077
online_shoppers_f17_t100_th2,threads,online_shoppers,17,100,2,cat_onnx,16,571,10.66145807793345,3.702077221978982,7.312400722416813,15.111863835376532,154.186,334.811,665.5249999999987
online_shoppers_f17_t100_th2,threads,online_shoppers,17,100,2,lgb_sklearn,32,100,36.1222975,6.313301093750013,31.053921875,50.54694125,1005.1875,1995.7770999999998,3400.8685299999984
online_shoppers_f17_t100_th2,threads,online_shoppers,17,100,2,xgb_sklearn,2,292,292.5550462328767,41.969515410958934,253.05050684931507,350.24485445205477,529.5975000000001,1021.31525,1658.2018799999998
online_shoppers_f17_t100_th2,threads,online_shoppers,17,100,2,xgb_sklearn,32,255,20.677854044117648,1.9007648897058829,18.80478345588235,23.748449509803923,596.98,1079.5207999999998,1660.6676000000004
online_shoppers_f17_t100_th2,threads,online_shoppers,17,100,2,cat_onnx,1024,27,5.657505859375,0.3094926576967598,5.341362087673612,6.730608796296297,5603.235,8086.5491999999995,10357.417920000004
online_shoppers_f17_t100_th2,threads,online_shoppers,17,100,2,cat_onnx,4096,6,5.2859561767578125,0.3312813924153648,5.192010213216146,8.17656563313802,21893.309999999998,39246.107749999996,44726.61359999996
online_shoppers_f17_t100_th2,threads,online_shoppers,17,100,2,cat_sklearn,256,73,3.932492241010274,0.5627036065924651,2.9258642444349316,4.42632421875,762.101,2070.5294999999996,2680.5217000000016
online_shoppers_f17_t100_th2,threads,online_shoppers,17,100,2,cat_sklearn,1024,64,1.7435343475341798,0.2034459762573242,1.419838088989258,2.455150588989258,1574.5695,3519.5138500000003,4554.596030000006
online_shoppers_f17_t100_th2,threads,online_shoppers,17,100,2,lgb_booster,4,781,37.2898857234315,7.344540813060181,29.18868565941101,40.30603681177977,120.615,250.33550000000002,566.6533000000009
online_shoppers_f17_t100_th2,threads,online_shoppers,17,100,2,lgb_sklearn,1024,10,13.158562402343751,4.884528759765626,5.70281767578125,14.72181005859375,12011.378,19004.25385,21847.665459999997
online_shoppers_f17_t100_th2,threads,online_shoppers,17,100,2,cat_sklearn,16,48,54.883959635416666,17.29877734374999,38.837390625,87.40898958333332,687.6785,2123.683949999999,3660.3721800000058
online_shoppers_f17_t100_th2,threads,online_shoppers,17,100,2,lgb_onnx,4096,6,4.619965454101562,0.36065968831380246,4.199357543945313,5.1352412109375,18317.4315,26366.91225,30714.55154999998
online_shoppers_f17_t100_th2,threads,online_shoppers,17,100,2,lgb_onnx,4,3000,11.06507625,0.5972202916666678,10.484962333333334,11.754708166666667,39.4705,62.930099999999996,138.1206099999994
online_shoppers_f17_t100_th2,threads,online_shoppers,17,100,2,lgb_sklearn,1,74,857.1056486486486,65.31683108108098,785.4451891891893,1375.3082702702702,797.1535,1318.2398999999982,2167.12809
online_shoppers_f17_t100_th2,threads,online_shoppers,17,100,2,xgb_dmatrix,16384,5,2.399488745117188,0.1009762390136717,2.2897536987304687,2.5413228393554688,38292.247,42838.126899999996,53911.62202
online_shoppers_f17_t100_th2,threads,online_shoppers,17,100,2,xgb_sklearn,4096,14,2.3766075439453127,0.0835698852539064,2.2316285051618303,2.6790338134765626,9343.124,11791.0001,14598.35008
online_shoppers_f17_t100_th2,threads,online_shoppers,17,100,2,xgb_sklearn,64,223,11.682719801008968,6.002438340807176,10.300131446188342,18.190450742713004,735.162,1331.2008000000003,2087.3019200000012
online_shoppers_f17_t100_th2,threads,online_shoppers,17,100,2,lgb_onnx,16384,5,4.3262214233398435,2.591917797851563,3.933153125,9.852253955078126,70824.791,181236.8647999999,225838.01690000002
online_shoppers_f17_t100_th2,threads,online_shoppers,17,100,2,cat_onnx,32,450,6.270631875,0.15443795138888827,5.697865694444444,6.525416180555556,186.3605,280.84735,399.93667
online_shoppers_f17_t100_th2,threads,online_shoppers,17,100,2,xgb_inplace,4096,16,2.458071502685547,0.25572937774658167,2.2894309844970704,2.7716889801025393,10009.241,12500.2455,16181.731749999999
online_shoppers_f17_t100_th2,threads,online_shoppers,17,100,2,cat_onnx,512,60,5.276467382812499,0.7656988281250001,4.980157845052084,6.910269205729167,2665.2455,4391.249249999997,7196.126239999996
online_shoppers_f17_t100_th2,threads,online_shoppers,17,100,2,lgb_onnx,512,22,4.748339577414773,0.8766850142045453,4.353113370028409,7.476438121448864,2325.8705,4029.560899999995,6826.097160000002
online_shoppers_f17_t100_th2,threads,online_shoppers,17,100,2,cat_sklearn,4,363,153.30702066115703,50.86547658402205,119.74534297520661,184.29184779614323,505.493,1259.9157999999952,2146.0177599999997
online_shoppers_f17_t100_th2,threads,online_shoppers,17,100,2,cat_onnx,128,56,17.826400111607143,2.0555525948660716,13.52954380580357,19.232399274553572,1974.0349999999999,4624.11225,5465.095900000002
online_shoppers_f17_t100_th2,threads,online_shoppers,17,100,2,lgb_sklearn,4096,5,9.563881494140626,1.3636322021484375,8.041476513671876,10.416077001953125,39204.61,45788.135299999994,49666.10946
online_shoppers_f17_t100_th2,threads,online_shoppers,17,100,2,xgb_inplace,256,77,4.27130270900974,2.1021870434253254,3.644638747970779,7.124716314935065,1063.833,1934.2921999999985,2553.19038
online_shoppers_f17_t100_th2,threads,online_shoppers,17,100,2,lgb_booster,128,166,7.820974915286145,1.1037488704819278,7.059188676581325,8.929741481551206,947.6614999999999,1461.56575,1873.504
online_shoppers_f17_t100_th2,threads,online_shoppers,17,100,2,lgb_onnx,8,2678,8.511035100821509,0.9511898571695294,7.4236095033607175,10.65111986557132,61.5415,106.67299999999983,267.06006
online_shoppers_f17_t100_th2,threads,online_shoppers,17,100,2,lgb_sklearn,8,159,145.05130345911948,19.28963482704404,127.68058490566038,174.46942845911948,943.639,2165.523,3901.8101999999994
online_shoppers_f17_t100_th2,threads,online_shoppers,17,100,2,xgb_dmatrix,4096,13,2.7510018967848557,1.118480722280649,2.525713435246394,4.87492148061899,10994.644,20658.884599999998,21950.308840000012
online_shoppers_f17_t100_th2,threads,online_shoppers,17,100,2,xgb_onnx,16384,5,4.080169799804687,1.7960337829589843,3.7971041625976563,11.426141101074219,65499.949,204972.9606,230174.10308000003
online_shoppers_f17_t100_th2,threads,online_shoppers,17,100,2,xgb_dmatrix,1,333,407.98384084084086,27.386178678678675,369.57767567567566,527.8851981981982,378.529,629.0329999999998,1255.4764600000035
online_shoppers_f17_t100_th2,threads,online_shoppers,17,100,2,lgb_sklearn,64,132,18.335591856060606,1.5562491122159159,17.286230705492425,24.252108664772727,1140.5835000000002,1581.4737,3709.5092600000003
online_shoppers_f17_t100_th2,threads,online_shoppers,17,100,2,xgb_sklearn,256,66,4.755100023674242,0.4318345466382576,4.451980646306818,5.736367897727273,1147.752,1959.0365,2512.40625
online_shoppers_f17_t100_th2,threads,online_shoppers,17,100,2,lgb_onnx,2,3000,15.077846333333333,1.220797833333334,13.961544,17.977959666666667,26.801,42.64525,107.09482999999906
online_shoppers_f17_t100_th2,threads,online_shoppers,17,100,2,xgb_onnx,128,231,4.372529220779221,0.2691807190205626,3.8758328936688313,5.529783685064935,535.778,742.325,1695.1579999999951
online_shoppers_f17_t100_th2,threads,online_shoppers,17,100,2,lgb_sklearn,16384,5,7.96564287109375,3.780275408935549,4.0584929687499995,8.72610947265625,123339.718,148972.2779,154541.95778
online_shoppers_f17_t100_th2,threads,online_shoppers,17,100,2,xgb_inplace,512,68,3.3538408203125,0.13884408030790452,3.008875660615809,3.9526420611213235,1595.788,2469.5841999999993,3193.0198599999976
online_shoppers_f17_t100_th2,threads,online_shoppers,17,100,2,xgb_dmatrix,2,321,249.67558722741433,21.75309267912769,228.25719937694706,294.93328504672894,450.451,771.069,1412.0529999999994
online_shoppers_f17_t100_th2,threads,online_shoppers,17,100,2,xgb_inplace,16384,5,2.173425988769531,0.154105474853516,2.0372911254882813,2.5333068725585934,35505.632,41374.65439999999,52098.36376
online_shoppers_f17_t100_th2,threads,online_shoppers,17,100,2,cat_onnx,2,3000,13.812754833333333,1.2079527499999987,12.710059166666666,15.945385666666667,24.126,39.57519999999998,83.46295999999968
online_shoppers_f17_t100_th2,threads,online_shoppers,17,100,2,lgb_booster,8,1717,14.822577242283053,0.6502342748980787,13.582718841001748,21.433256843331392,104.412,197.20020000000002,361.13821999999936
online_shoppers_f17_t100_th2,threads,online_shoppers,17,100,2,xgb_dmatrix,8,218,88.69044208715597,8.4128070527523,80.16646731651376,96.91834575688074,650.5029999999999,974.0340000000001,2016.8942800000002
online_shoppers_f17_t100_th2,threads,online_shoppers,17,100,2,cat_onnx,8,1635,12.761203440366973,0.3272084862385327,11.10290496941896,13.4015750764526,89.953,145.13699999999997,333.65828
online_shoppers_f17_t100_th2,threads,online_shoppers,17,100,2,xgb_dmatrix,1024,28,5.432250523158482,2.5073776855468752,3.0725679059709825,5.938766322544643,5266.557,6908.227849999998,7881.359040000001
online_shoppers_f17_t100_th2,threads,online_shoppers,17,100,2,xgb_sklearn,1,356,445.05384550561797,23.891846910112406,421.1695449438202,518.1461769662922,411.906,673.15175,1252.9924999999985
online_shoppers_f17_t100_th2,threads,online_shoppers,17,100,2,xgb_inplace,2,360,186.4393138888889,10.92210763888886,177.34653055555557,210.32895138888887,349.1395,522.84355,793.4741299999995
online_shoppers_f17_t100_th2,threads,online_shoppers,17,100,2,lgb_sklearn,512,43,6.921196266351744,0.4708105241642446,6.241894122456395,9.21956331758721,3439.597,4775.258999999998,8867.869079999993
